{"IntegrationId":"PAYMENTS_01_BC_CW","IntegrationName":"Apply Business Central Customer Payments to ConnectWise Invoices","Integration":"{\"Id\":\"c93a3aeb-1fdd-4477-97b7-b00a00f86e3d\",\"Name\":\"PAYMENTS_01_BC_CW\",\"Description\":\"Apply Business Central Customer Payments to ConnectWise Invoices\",\"KeyFields\":[\"InvoiceExternalDocumentNo\"],\"DataSourceType\":\"eOne.SmartConnect.Connectors.NAV.Odata.MsNavOdataDatasourceAssociation\",\"DataSourceId\":\"030607e5-44bd-482d-8b6b-b00a00f86e42\",\"DataSourceDetailUrl\":null,\"DataSourceDisplayName\":null,\"DataSourceJson\":\"{\\\"Company\\\":\\\"CRONUS USA, Inc.\\\",\\\"Services\\\":[{\\\"ItemText\\\":\\\"PaymentCreatedAt gt GBL_BC_DATE and InvoiceExternalDocumentNo ne \\\\u0027\\\\u0027\\\",\\\"ItemValue\\\":\\\"CustomerPaymentsQuery\\\"}],\\\"Fields\\\":[{\\\"EntityName\\\":\\\"CustomerPaymentsQuery\\\",\\\"FieldName\\\":\\\"PaymentEntryNo\\\",\\\"DisplayName\\\":\\\"Entry No.\\\",\\\"JsonValue\\\":\\\"value.PaymentEntryNo\\\",\\\"TechnicalValue\\\":\\\"Edm.Int32\\\",\\\"Selected\\\":false},{\\\"EntityName\\\":\\\"CustomerPaymentsQuery\\\",\\\"FieldName\\\":\\\"PaymentAmount\\\",\\\"DisplayName\\\":\\\"Amount\\\",\\\"JsonValue\\\":\\\"value.PaymentAmount\\\",\\\"TechnicalValue\\\":\\\"Edm.Decimal\\\",\\\"Selected\\\":false},{\\\"EntityName\\\":\\\"CustomerPaymentsQuery\\\",\\\"FieldName\\\":\\\"PaymentCustLedgEntryNo\\\",\\\"DisplayName\\\":\\\"Cust. Ledger Entry No.\\\",\\\"JsonValue\\\":\\\"value.PaymentCustLedgEntryNo\\\",\\\"TechnicalValue\\\":\\\"Edm.Int32\\\",\\\"Selected\\\":false},{\\\"EntityName\\\":\\\"CustomerPaymentsQuery\\\",\\\"FieldName\\\":\\\"PaymentPostingDate\\\",\\\"DisplayName\\\":\\\"Posting Date\\\",\\\"JsonValue\\\":\\\"value.PaymentPostingDate\\\",\\\"TechnicalValue\\\":\\\"Edm.Date\\\",\\\"Selected\\\":false},{\\\"EntityName\\\":\\\"CustomerPaymentsQuery\\\",\\\"FieldName\\\":\\\"PaymentCreatedAt\\\",\\\"DisplayName\\\":\\\"Created At\\\",\\\"JsonValue\\\":\\\"value.PaymentCreatedAt\\\",\\\"TechnicalValue\\\":\\\"Edm.DateTimeOffset\\\",\\\"Selected\\\":false},{\\\"EntityName\\\":\\\"CustomerPaymentsQuery\\\",\\\"FieldName\\\":\\\"InvoiceEntryNo\\\",\\\"DisplayName\\\":\\\"Entry No.\\\",\\\"JsonValue\\\":\\\"value.InvoiceEntryNo\\\",\\\"TechnicalValue\\\":\\\"Edm.Int32\\\",\\\"Selected\\\":false},{\\\"EntityName\\\":\\\"CustomerPaymentsQuery\\\",\\\"FieldName\\\":\\\"InvoiceAmount\\\",\\\"DisplayName\\\":\\\"Amount\\\",\\\"JsonValue\\\":\\\"value.InvoiceAmount\\\",\\\"TechnicalValue\\\":\\\"Edm.Decimal\\\",\\\"Selected\\\":false},{\\\"EntityName\\\":\\\"CustomerPaymentsQuery\\\",\\\"FieldName\\\":\\\"TotalPayments\\\",\\\"DisplayName\\\":\\\"TotalPayments\\\",\\\"JsonValue\\\":\\\"value.TotalPayments\\\",\\\"TechnicalValue\\\":\\\"Edm.Decimal\\\",\\\"Selected\\\":false},{\\\"EntityName\\\":\\\"CustomerPaymentsQuery\\\",\\\"FieldName\\\":\\\"InvoiceNo\\\",\\\"DisplayName\\\":\\\"No.\\\",\\\"JsonValue\\\":\\\"value.InvoiceNo\\\",\\\"TechnicalValue\\\":\\\"Edm.String\\\",\\\"Selected\\\":false},{\\\"EntityName\\\":\\\"CustomerPaymentsQuery\\\",\\\"FieldName\\\":\\\"InvoicePreAssignedNo\\\",\\\"DisplayName\\\":\\\"Pre-Assigned No.\\\",\\\"JsonValue\\\":\\\"value.InvoicePreAssignedNo\\\",\\\"TechnicalValue\\\":\\\"Edm.String\\\",\\\"Selected\\\":false},{\\\"EntityName\\\":\\\"CustomerPaymentsQuery\\\",\\\"FieldName\\\":\\\"InvoiceExternalDocumentNo\\\",\\\"DisplayName\\\":\\\"External Document No.\\\",\\\"JsonValue\\\":\\\"value.InvoiceExternalDocumentNo\\\",\\\"TechnicalValue\\\":\\\"Edm.String\\\",\\\"Selected\\\":false},{\\\"EntityName\\\":\\\"CustomerPaymentsQuery\\\",\\\"FieldName\\\":\\\"InvoiceYourReference\\\",\\\"DisplayName\\\":\\\"Your Reference\\\",\\\"JsonValue\\\":\\\"value.InvoiceYourReference\\\",\\\"TechnicalValue\\\":\\\"Edm.String\\\",\\\"Selected\\\":false}],\\\"FriendlyName\\\":null,\\\"Name\\\":null,\\\"ViewName\\\":null,\\\"LargeImage\\\":null,\\\"TypeName\\\":null,\\\"QueryText\\\":null,\\\"TrimStrings\\\":false,\\\"RegisteredConnectorId\\\":\\\"00000000-0000-0000-0000-000000000000\\\",\\\"ProviderName\\\":null,\\\"ImageUrl\\\":\\\"https://app.smartconnect.com/content/eone/connectors/\\\",\\\"Id\\\":\\\"55b61730-53c7-4afd-8324-b00700f058e6\\\",\\\"ConnectionId\\\":\\\"01bd75e4-d577-4978-b4c7-b00700ef9ac3\\\",\\\"Description\\\":\\\"01 Payments\\\",\\\"FromQueryBuilder\\\":false,\\\"FreeTextDatabaseName\\\":false}\",\"DestinationType\":\"eOne.SmartConnect.Connectors.GenericRest.GenericRestDestination\",\"DestinationId\":\"ccf86dc8-0767-4b5f-bd5d-b0620096da46\",\"DestinationDetailUrl\":null,\"DestinationDisplayName\":null,\"DestinationJson\":\"{\\\"connectionId\\\":\\\"f04d9445-eab6-43ed-962a-afe400e1ebe8\\\",\\\"setupId\\\":\\\"5aacf544-4e72-421c-a2e3-afe300a55e11\\\",\\\"actions\\\":[{\\\"id\\\":\\\"e3ca9dc3-765b-4698-9ff6-afe300a55e44\\\",\\\"name\\\":\\\"Create Payment\\\",\\\"entityName\\\":\\\"\\\",\\\"groupName\\\":\\\"Sales\\\"},{\\\"id\\\":\\\"537dc5a7-e5f8-4db1-b744-afe300a55e44\\\",\\\"name\\\":\\\"Update Payment\\\",\\\"entityName\\\":\\\"\\\",\\\"groupName\\\":\\\"Sales\\\"}],\\\"filePath\\\":null,\\\"toFile\\\":false,\\\"removeUnmapped\\\":false,\\\"providerName\\\":\\\"ConnectWise 1.0.0.1\\\",\\\"CurrentInstance\\\":{\\\"InstanceType\\\":\\\"(REST) ConnectWise 1.0.0.1\\\",\\\"Id\\\":\\\"f04d9445-eab6-43ed-962a-afe400e1ebe8\\\",\\\"InstanceName\\\":\\\"\\\",\\\"Description\\\":\\\"ConnectWise\\\",\\\"IsDefault\\\":false,\\\"IsLocal\\\":false,\\\"LocalServerName\\\":\\\"00000000-0000-0000-0000-000000000000\\\",\\\"ImageUrl\\\":\\\"https://app.smartconnect.com/files/getImage?id=5f365292-c701-4aa6-aa01-afe500eae5eb\\\",\\\"SourceUrl\\\":\\\"\\\",\\\"TargetUrl\\\":\\\"\\\",\\\"CustomError\\\":\\\"\\\",\\\"ConnectionLinks\\\":null},\\\"DestinationType\\\":\\\"GenericRestDestination\\\",\\\"DestinationTypeFriendlyName\\\":\\\"Generic REST Destination\\\",\\\"Id\\\":\\\"ccf86dc8-0767-4b5f-bd5d-b0620096da46\\\",\\\"Args\\\":null,\\\"ImplementsClearFields\\\":false,\\\"OrganisationType\\\":null}\",\"Lines\":[{\"Id\":\"a30c56d8-5e65-496d-877b-b00a00f8731c\",\"Description\":\"Create Payment\",\"MapId\":\"PAYMENTS_01_BC_CW\",\"MapDescription\":\"Apply Business Central Customer Payments to ConnectWise Invoices\",\"TechnicalName\":\"_e3ca9dc3-765b-4698-9ff6-afe300a55e44\",\"TechnicalValue\":\"\",\"ForDelete\":false,\"ForDeleteEnabled\":true,\"ForDeleteVisible\":false,\"UpdateIfExists\":false,\"UpdateIfExistsEnabled\":false,\"UpdateIfExistsVisible\":false,\"UpdateBlanks\":false,\"UpdateBlanksEnabled\":false,\"UpdateBlanksVisible\":false,\"Sequence\":1,\"LineNumber\":1,\"Mapped\":true,\"Grouped\":true,\"Restrictions\":\"return true;\",\"Allowed\":false,\"SourceColumns\":[{\"Id\":\"fdc7c0e3-d439-4295-b442-b00a00f86e55\",\"ColumnName\":\"PaymentEntryNo\",\"ColumnType\":\"DataSourceColumn\",\"ColumnTypeName\":\"Source Column\",\"Grouped\":false,\"AllowGroupBy\":true,\"AggregateFunction\":{\"ItemText\":\"First\",\"ItemValue\":\"4\"},\"ImageClass\":null,\"Sequence\":0,\"IncludeInScripting\":true},{\"Id\":\"db3d2fbc-b2fa-4175-9962-b00a00f86e5a\",\"ColumnName\":\"PaymentAmount\",\"ColumnType\":\"DataSourceColumn\",\"ColumnTypeName\":\"Source Column\",\"Grouped\":false,\"AllowGroupBy\":true,\"AggregateFunction\":{\"ItemText\":\"First\",\"ItemValue\":\"4\"},\"ImageClass\":null,\"Sequence\":0,\"IncludeInScripting\":true},{\"Id\":\"36ef0a5b-e569-4d00-8d9f-b00a00f86e5e\",\"ColumnName\":\"PaymentCustLedgEntryNo\",\"ColumnType\":\"DataSourceColumn\",\"ColumnTypeName\":\"Source Column\",\"Grouped\":false,\"AllowGroupBy\":true,\"AggregateFunction\":{\"ItemText\":\"First\",\"ItemValue\":\"4\"},\"ImageClass\":null,\"Sequence\":0,\"IncludeInScripting\":true},{\"Id\":\"0849231b-8680-4714-9847-b00a00f86e63\",\"ColumnName\":\"PaymentCreatedAt\",\"ColumnType\":\"DataSourceColumn\",\"ColumnTypeName\":\"Source Column\",\"Grouped\":false,\"AllowGroupBy\":true,\"AggregateFunction\":{\"ItemText\":\"First\",\"ItemValue\":\"4\"},\"ImageClass\":null,\"Sequence\":0,\"IncludeInScripting\":true},{\"Id\":\"2a4b2107-fa0b-4e44-aac3-b00a00f86e63\",\"ColumnName\":\"PaymentPostingDate\",\"ColumnType\":\"DataSourceColumn\",\"ColumnTypeName\":\"Source Column\",\"Grouped\":false,\"AllowGroupBy\":true,\"AggregateFunction\":{\"ItemText\":\"First\",\"ItemValue\":\"4\"},\"ImageClass\":null,\"Sequence\":0,\"IncludeInScripting\":true},{\"Id\":\"25f23727-ce83-4f02-b3d8-b00a00f86e68\",\"ColumnName\":\"InvoiceEntryNo\",\"ColumnType\":\"DataSourceColumn\",\"ColumnTypeName\":\"Source Column\",\"Grouped\":false,\"AllowGroupBy\":true,\"AggregateFunction\":{\"ItemText\":\"First\",\"ItemValue\":\"4\"},\"ImageClass\":null,\"Sequence\":0,\"IncludeInScripting\":true},{\"Id\":\"98777e08-6d5f-46a7-a72a-b00a00f86e6c\",\"ColumnName\":\"TotalPayments\",\"ColumnType\":\"DataSourceColumn\",\"ColumnTypeName\":\"Source Column\",\"Grouped\":false,\"AllowGroupBy\":true,\"AggregateFunction\":{\"ItemText\":\"First\",\"ItemValue\":\"4\"},\"ImageClass\":null,\"Sequence\":0,\"IncludeInScripting\":true},{\"Id\":\"25a62482-4866-421b-b50e-b00a00f86e6c\",\"ColumnName\":\"InvoiceAmount\",\"ColumnType\":\"DataSourceColumn\",\"ColumnTypeName\":\"Source Column\",\"Grouped\":false,\"AllowGroupBy\":true,\"AggregateFunction\":{\"ItemText\":\"First\",\"ItemValue\":\"4\"},\"ImageClass\":null,\"Sequence\":0,\"IncludeInScripting\":true},{\"Id\":\"9149240d-a2d8-4509-a1e6-b00a00f86e71\",\"ColumnName\":\"InvoiceNo\",\"ColumnType\":\"DataSourceColumn\",\"ColumnTypeName\":\"Source Column\",\"Grouped\":false,\"AllowGroupBy\":true,\"AggregateFunction\":{\"ItemText\":\"First\",\"ItemValue\":\"4\"},\"ImageClass\":null,\"Sequence\":0,\"IncludeInScripting\":true},{\"Id\":\"5870deed-af78-4d3c-9c79-b00a00f86e76\",\"ColumnName\":\"InvoicePreAssignedNo\",\"ColumnType\":\"DataSourceColumn\",\"ColumnTypeName\":\"Source Column\",\"Grouped\":false,\"AllowGroupBy\":true,\"AggregateFunction\":{\"ItemText\":\"First\",\"ItemValue\":\"4\"},\"ImageClass\":null,\"Sequence\":0,\"IncludeInScripting\":true},{\"Id\":\"4bd05a05-cc71-42c3-96f1-b00a00f86e7a\",\"ColumnName\":\"InvoiceYourReference\",\"ColumnType\":\"DataSourceColumn\",\"ColumnTypeName\":\"Source Column\",\"Grouped\":false,\"AllowGroupBy\":true,\"AggregateFunction\":{\"ItemText\":\"First\",\"ItemValue\":\"4\"},\"ImageClass\":null,\"Sequence\":0,\"IncludeInScripting\":true},{\"Id\":\"eb462c95-6fa2-4acf-b9d3-b00a00f86e7a\",\"ColumnName\":\"InvoiceExternalDocumentNo\",\"ColumnType\":\"DataSourceColumn\",\"ColumnTypeName\":\"Source Column\",\"Grouped\":true,\"AllowGroupBy\":true,\"AggregateFunction\":{\"ItemText\":\"First\",\"ItemValue\":\"4\"},\"ImageClass\":null,\"Sequence\":0,\"IncludeInScripting\":true}],\"TargetColumns\":[{\"Id\":\"43f8b2bd-db11-47c8-a95f-b0310088d535\",\"TypeString\":\"Currency\",\"Number\":1,\"TechnicalName\":\"amount\",\"TechnicalValue\":\"\",\"Name\":\"amount\",\"ColumnType\":{\"ItemText\":\"Calculation\",\"ItemValue\":\"CalculationColumn\"},\"RequiredOrder\":false,\"ColumnSetting\":{\"Id\":\"6cbcae62-c642-4d1a-95c7-b0310088d535\",\"Column\":{\"Id\":\"c88c438e-591c-4756-9109-b0310088d1ac\",\"Name\":\"CALC_POSITIVE_PAYMENTS\",\"TypeDisplayName\":\"Calculation\",\"MapId\":\"PAYMENTS_01_BC_CW\",\"Sequence\":101,\"ErrorInfo\":\"\"},\"Grouped\":false,\"AggregateFunction\":{\"ItemText\":\"First\",\"ItemValue\":\"4\"},\"Sequence\":101,\"IncludeInScripting\":false,\"ColumnName\":\"CALC_POSITIVE_PAYMENTS\",\"ColumnTypeName\":\"Calculation\"},\"ColumnSettingColumnName\":\"CALC_POSITIVE_PAYMENTS\",\"ColumnSettingColumnType\":{\"ItemText\":\"Calculation\",\"ItemValue\":\"CalculationColumn\"},\"Error\":\"\",\"IsRequired\":false,\"AllowEdit\":true,\"AllowCreate\":true,\"Required\":\"N\",\"Options\":[]},{\"Id\":\"71846f1b-c6c2-4aad-a4a5-b0620096dbf1\",\"TypeString\":\"Integer\",\"Number\":2,\"TechnicalName\":\"id\",\"TechnicalValue\":\"\",\"Name\":\"id\",\"ColumnType\":{\"ItemText\":\"REST Lookup\",\"ItemValue\":\"GenericRestLookupColumn\"},\"RequiredOrder\":false,\"ColumnSetting\":{\"Id\":\"f80fdd58-e46c-4e3a-b5a4-b0620096dbf1\",\"Column\":{\"Id\":\"54197300-7787-414f-92b4-b0620096da7e\",\"Name\":\"LKUP_NEW_PAYMENT__ID\",\"TypeDisplayName\":\"REST Lookup\",\"MapId\":\"PAYMENTS_01_BC_CW\",\"Sequence\":99,\"ErrorInfo\":\"\"},\"Grouped\":false,\"AggregateFunction\":{\"ItemText\":\"First\",\"ItemValue\":\"4\"},\"Sequence\":99,\"IncludeInScripting\":true,\"ColumnName\":\"LKUP_NEW_PAYMENT__ID\",\"ColumnTypeName\":\"REST Lookup\"},\"ColumnSettingColumnName\":\"LKUP_NEW_PAYMENT__ID\",\"ColumnSettingColumnType\":{\"ItemText\":\"REST Lookup\",\"ItemValue\":\"GenericRestLookupColumn\"},\"Error\":\"\",\"IsRequired\":false,\"AllowEdit\":true,\"AllowCreate\":true,\"Required\":\"N\",\"Options\":[]},{\"Id\":\"6c87e7f9-3958-48e5-8f7b-b00a00f8732a\",\"TypeString\":\"Integer\",\"Number\":4,\"TechnicalName\":\"invoiceId\",\"TechnicalValue\":\"\",\"Name\":\"invoiceId\",\"ColumnType\":{\"ItemText\":\"Source Column\",\"ItemValue\":\"DataSourceColumn\"},\"RequiredOrder\":false,\"ColumnSetting\":{\"Id\":\"65fc2394-1378-4fad-b5cd-b00a00f8732f\",\"Column\":{\"Id\":\"eb462c95-6fa2-4acf-b9d3-b00a00f86e7a\",\"Name\":\"InvoiceExternalDocumentNo\",\"TypeDisplayName\":\"Source Column\",\"MapId\":\"PAYMENTS_01_BC_CW\",\"Sequence\":0,\"ErrorInfo\":\"\"},\"Grouped\":true,\"AggregateFunction\":{\"ItemText\":\"First\",\"ItemValue\":\"4\"},\"Sequence\":0,\"IncludeInScripting\":true,\"ColumnName\":\"InvoiceExternalDocumentNo\",\"ColumnTypeName\":\"Source Column\"},\"ColumnSettingColumnName\":\"InvoiceExternalDocumentNo\",\"ColumnSettingColumnType\":{\"ItemText\":\"Source Column\",\"ItemValue\":\"DataSourceColumn\"},\"Error\":\"\",\"IsRequired\":false,\"AllowEdit\":true,\"AllowCreate\":true,\"Required\":\"N\",\"Options\":[]},{\"Id\":\"c4b8b244-c096-43a9-b3f8-b0310086cf45\",\"TypeString\":\"String\",\"Number\":5,\"TechnicalName\":\"variable___InvoiceId\",\"TechnicalValue\":\"\",\"Name\":\"InvoiceId\",\"ColumnType\":{\"ItemText\":\"Source Column\",\"ItemValue\":\"DataSourceColumn\"},\"RequiredOrder\":false,\"ColumnSetting\":{\"Id\":\"65fc2394-1378-4fad-b5cd-b00a00f8732f\",\"Column\":{\"Id\":\"eb462c95-6fa2-4acf-b9d3-b00a00f86e7a\",\"Name\":\"InvoiceExternalDocumentNo\",\"TypeDisplayName\":\"Source Column\",\"MapId\":\"PAYMENTS_01_BC_CW\",\"Sequence\":0,\"ErrorInfo\":\"\"},\"Grouped\":true,\"AggregateFunction\":{\"ItemText\":\"First\",\"ItemValue\":\"4\"},\"Sequence\":0,\"IncludeInScripting\":true,\"ColumnName\":\"InvoiceExternalDocumentNo\",\"ColumnTypeName\":\"Source Column\"},\"ColumnSettingColumnName\":\"InvoiceExternalDocumentNo\",\"ColumnSettingColumnType\":{\"ItemText\":\"Source Column\",\"ItemValue\":\"DataSourceColumn\"},\"Error\":\"\",\"IsRequired\":true,\"AllowEdit\":true,\"AllowCreate\":true,\"Required\":\"Y\",\"Options\":[]},{\"Id\":\"9b9f6f87-de31-414f-8fc7-b031008a71c7\",\"TypeString\":\"String\",\"Number\":3,\"TechnicalName\":\"paymentDate\",\"TechnicalValue\":\"\",\"Name\":\"paymentDate\",\"ColumnType\":{\"ItemText\":\"Calculation\",\"ItemValue\":\"CalculationColumn\"},\"RequiredOrder\":false,\"ColumnSetting\":{\"Id\":\"0c83128c-fd44-4350-8c71-b031008a71c7\",\"Column\":{\"Id\":\"b375ae3f-ac0d-4946-8f86-b031008a68c9\",\"Name\":\"CALC_PAYMENT_DATE\",\"TypeDisplayName\":\"Calculation\",\"MapId\":\"PAYMENTS_01_BC_CW\",\"Sequence\":102,\"ErrorInfo\":\"\"},\"Grouped\":false,\"AggregateFunction\":{\"ItemText\":\"First\",\"ItemValue\":\"4\"},\"Sequence\":102,\"IncludeInScripting\":false,\"ColumnName\":\"CALC_PAYMENT_DATE\",\"ColumnTypeName\":\"Calculation\"},\"ColumnSettingColumnName\":\"CALC_PAYMENT_DATE\",\"ColumnSettingColumnType\":{\"ItemText\":\"Calculation\",\"ItemValue\":\"CalculationColumn\"},\"Error\":\"\",\"IsRequired\":false,\"AllowEdit\":true,\"AllowCreate\":true,\"Required\":\"N\",\"Options\":[]}],\"ParentColumns\":null,\"ModelErrors\":null,\"IsChild\":false,\"IsParent\":false,\"Level\":0,\"LevelDescription\":\"Create Payment\",\"ParentDescription\":null,\"ParentTechnicalName\":null,\"ParentTechnicalValue\":null,\"SaveSendResult\":false,\"SendResultFields\":[]},{\"Id\":\"a01c7d81-6d3c-4fab-b3c1-b031008725e2\",\"Description\":\"Update Payment\",\"MapId\":\"PAYMENTS_01_BC_CW\",\"MapDescription\":\"Apply Business Central Customer Payments to ConnectWise Invoices\",\"TechnicalName\":\"_537dc5a7-e5f8-4db1-b744-afe300a55e44\",\"TechnicalValue\":\"\",\"ForDelete\":false,\"ForDeleteEnabled\":true,\"ForDeleteVisible\":false,\"UpdateIfExists\":false,\"UpdateIfExistsEnabled\":false,\"UpdateIfExistsVisible\":false,\"UpdateBlanks\":false,\"UpdateBlanksEnabled\":false,\"UpdateBlanksVisible\":false,\"Sequence\":2,\"LineNumber\":2,\"Mapped\":true,\"Grouped\":true,\"Restrictions\":\"return true;\",\"Allowed\":false,\"SourceColumns\":[{\"Id\":\"fdc7c0e3-d439-4295-b442-b00a00f86e55\",\"ColumnName\":\"PaymentEntryNo\",\"ColumnType\":\"DataSourceColumn\",\"ColumnTypeName\":\"Source Column\",\"Grouped\":false,\"AllowGroupBy\":true,\"AggregateFunction\":{\"ItemText\":\"First\",\"ItemValue\":\"4\"},\"ImageClass\":null,\"Sequence\":0,\"IncludeInScripting\":true},{\"Id\":\"db3d2fbc-b2fa-4175-9962-b00a00f86e5a\",\"ColumnName\":\"PaymentAmount\",\"ColumnType\":\"DataSourceColumn\",\"ColumnTypeName\":\"Source Column\",\"Grouped\":false,\"AllowGroupBy\":true,\"AggregateFunction\":{\"ItemText\":\"First\",\"ItemValue\":\"4\"},\"ImageClass\":null,\"Sequence\":0,\"IncludeInScripting\":true},{\"Id\":\"36ef0a5b-e569-4d00-8d9f-b00a00f86e5e\",\"ColumnName\":\"PaymentCustLedgEntryNo\",\"ColumnType\":\"DataSourceColumn\",\"ColumnTypeName\":\"Source Column\",\"Grouped\":false,\"AllowGroupBy\":true,\"AggregateFunction\":{\"ItemText\":\"First\",\"ItemValue\":\"4\"},\"ImageClass\":null,\"Sequence\":0,\"IncludeInScripting\":true},{\"Id\":\"0849231b-8680-4714-9847-b00a00f86e63\",\"ColumnName\":\"PaymentCreatedAt\",\"ColumnType\":\"DataSourceColumn\",\"ColumnTypeName\":\"Source Column\",\"Grouped\":false,\"AllowGroupBy\":true,\"AggregateFunction\":{\"ItemText\":\"First\",\"ItemValue\":\"4\"},\"ImageClass\":null,\"Sequence\":0,\"IncludeInScripting\":true},{\"Id\":\"2a4b2107-fa0b-4e44-aac3-b00a00f86e63\",\"ColumnName\":\"PaymentPostingDate\",\"ColumnType\":\"DataSourceColumn\",\"ColumnTypeName\":\"Source Column\",\"Grouped\":false,\"AllowGroupBy\":true,\"AggregateFunction\":{\"ItemText\":\"First\",\"ItemValue\":\"4\"},\"ImageClass\":null,\"Sequence\":0,\"IncludeInScripting\":true},{\"Id\":\"25f23727-ce83-4f02-b3d8-b00a00f86e68\",\"ColumnName\":\"InvoiceEntryNo\",\"ColumnType\":\"DataSourceColumn\",\"ColumnTypeName\":\"Source Column\",\"Grouped\":false,\"AllowGroupBy\":true,\"AggregateFunction\":{\"ItemText\":\"First\",\"ItemValue\":\"4\"},\"ImageClass\":null,\"Sequence\":0,\"IncludeInScripting\":true},{\"Id\":\"98777e08-6d5f-46a7-a72a-b00a00f86e6c\",\"ColumnName\":\"TotalPayments\",\"ColumnType\":\"DataSourceColumn\",\"ColumnTypeName\":\"Source Column\",\"Grouped\":false,\"AllowGroupBy\":true,\"AggregateFunction\":{\"ItemText\":\"First\",\"ItemValue\":\"4\"},\"ImageClass\":null,\"Sequence\":0,\"IncludeInScripting\":true},{\"Id\":\"25a62482-4866-421b-b50e-b00a00f86e6c\",\"ColumnName\":\"InvoiceAmount\",\"ColumnType\":\"DataSourceColumn\",\"ColumnTypeName\":\"Source Column\",\"Grouped\":false,\"AllowGroupBy\":true,\"AggregateFunction\":{\"ItemText\":\"First\",\"ItemValue\":\"4\"},\"ImageClass\":null,\"Sequence\":0,\"IncludeInScripting\":true},{\"Id\":\"9149240d-a2d8-4509-a1e6-b00a00f86e71\",\"ColumnName\":\"InvoiceNo\",\"ColumnType\":\"DataSourceColumn\",\"ColumnTypeName\":\"Source Column\",\"Grouped\":false,\"AllowGroupBy\":true,\"AggregateFunction\":{\"ItemText\":\"First\",\"ItemValue\":\"4\"},\"ImageClass\":null,\"Sequence\":0,\"IncludeInScripting\":true},{\"Id\":\"5870deed-af78-4d3c-9c79-b00a00f86e76\",\"ColumnName\":\"InvoicePreAssignedNo\",\"ColumnType\":\"DataSourceColumn\",\"ColumnTypeName\":\"Source Column\",\"Grouped\":false,\"AllowGroupBy\":true,\"AggregateFunction\":{\"ItemText\":\"First\",\"ItemValue\":\"4\"},\"ImageClass\":null,\"Sequence\":0,\"IncludeInScripting\":true},{\"Id\":\"4bd05a05-cc71-42c3-96f1-b00a00f86e7a\",\"ColumnName\":\"InvoiceYourReference\",\"ColumnType\":\"DataSourceColumn\",\"ColumnTypeName\":\"Source Column\",\"Grouped\":false,\"AllowGroupBy\":true,\"AggregateFunction\":{\"ItemText\":\"First\",\"ItemValue\":\"4\"},\"ImageClass\":null,\"Sequence\":0,\"IncludeInScripting\":true},{\"Id\":\"eb462c95-6fa2-4acf-b9d3-b00a00f86e7a\",\"ColumnName\":\"InvoiceExternalDocumentNo\",\"ColumnType\":\"DataSourceColumn\",\"ColumnTypeName\":\"Source Column\",\"Grouped\":true,\"AllowGroupBy\":true,\"AggregateFunction\":{\"ItemText\":\"First\",\"ItemValue\":\"4\"},\"ImageClass\":null,\"Sequence\":0,\"IncludeInScripting\":true}],\"TargetColumns\":[{\"Id\":\"cca874cb-70d8-476b-8205-b0310088d811\",\"TypeString\":\"String\",\"Number\":1,\"TechnicalName\":\"amount\",\"TechnicalValue\":\"\",\"Name\":\"amount\",\"ColumnType\":{\"ItemText\":\"Calculation\",\"ItemValue\":\"CalculationColumn\"},\"RequiredOrder\":false,\"ColumnSetting\":{\"Id\":\"f5944f6d-bc86-4767-8836-b0310088d811\",\"Column\":{\"Id\":\"c88c438e-591c-4756-9109-b0310088d1ac\",\"Name\":\"CALC_POSITIVE_PAYMENTS\",\"TypeDisplayName\":\"Calculation\",\"MapId\":\"PAYMENTS_01_BC_CW\",\"Sequence\":101,\"ErrorInfo\":\"\"},\"Grouped\":false,\"AggregateFunction\":{\"ItemText\":\"First\",\"ItemValue\":\"4\"},\"Sequence\":101,\"IncludeInScripting\":false,\"ColumnName\":\"CALC_POSITIVE_PAYMENTS\",\"ColumnTypeName\":\"Calculation\"},\"ColumnSettingColumnName\":\"CALC_POSITIVE_PAYMENTS\",\"ColumnSettingColumnType\":{\"ItemText\":\"Calculation\",\"ItemValue\":\"CalculationColumn\"},\"Error\":\"\",\"IsRequired\":false,\"AllowEdit\":true,\"AllowCreate\":true,\"Required\":\"N\",\"Options\":[]},{\"Id\":\"74c2b05e-5e17-41c3-9694-b031008725e6\",\"TypeString\":\"Integer\",\"Number\":2,\"TechnicalName\":\"id\",\"TechnicalValue\":\"\",\"Name\":\"id\",\"ColumnType\":{\"ItemText\":\"Source Column\",\"ItemValue\":\"DataSourceColumn\"},\"RequiredOrder\":false,\"ColumnSetting\":{\"Id\":\"9cd76769-2851-491d-b7dd-b031008725eb\",\"Column\":{\"Id\":\"eb462c95-6fa2-4acf-b9d3-b00a00f86e7a\",\"Name\":\"InvoiceExternalDocumentNo\",\"TypeDisplayName\":\"Source Column\",\"MapId\":\"PAYMENTS_01_BC_CW\",\"Sequence\":0,\"ErrorInfo\":\"\"},\"Grouped\":true,\"AggregateFunction\":{\"ItemText\":\"First\",\"ItemValue\":\"4\"},\"Sequence\":0,\"IncludeInScripting\":true,\"ColumnName\":\"InvoiceExternalDocumentNo\",\"ColumnTypeName\":\"Source Column\"},\"ColumnSettingColumnName\":\"InvoiceExternalDocumentNo\",\"ColumnSettingColumnType\":{\"ItemText\":\"Source Column\",\"ItemValue\":\"DataSourceColumn\"},\"Error\":\"\",\"IsRequired\":false,\"AllowEdit\":true,\"AllowCreate\":true,\"Required\":\"N\",\"Options\":[]},{\"Id\":\"8fb13e36-2316-4e02-bd8f-b0620096dce9\",\"TypeString\":\"String\",\"Number\":3,\"TechnicalName\":\"variable___id\",\"TechnicalValue\":\"\",\"Name\":\"id\",\"ColumnType\":{\"ItemText\":\"REST Lookup\",\"ItemValue\":\"GenericRestLookupColumn\"},\"RequiredOrder\":false,\"ColumnSetting\":{\"Id\":\"49cf325b-4e67-4123-9193-b0620096dce9\",\"Column\":{\"Id\":\"57d080fa-953c-4fd2-b547-b0620096da7e\",\"Name\":\"LKUP_EXISTING_PAYMENT__ID\",\"TypeDisplayName\":\"REST Lookup\",\"MapId\":\"PAYMENTS_01_BC_CW\",\"Sequence\":100,\"ErrorInfo\":\"\"},\"Grouped\":false,\"AggregateFunction\":{\"ItemText\":\"First\",\"ItemValue\":\"4\"},\"Sequence\":100,\"IncludeInScripting\":true,\"ColumnName\":\"LKUP_EXISTING_PAYMENT__ID\",\"ColumnTypeName\":\"REST Lookup\"},\"ColumnSettingColumnName\":\"LKUP_EXISTING_PAYMENT__ID\",\"ColumnSettingColumnType\":{\"ItemText\":\"REST Lookup\",\"ItemValue\":\"GenericRestLookupColumn\"},\"Error\":\"\",\"IsRequired\":true,\"AllowEdit\":true,\"AllowCreate\":true,\"Required\":\"Y\",\"Options\":[]},{\"Id\":\"86067f84-245f-4d8a-8e51-b0310089903f\",\"TypeString\":\"String\",\"Number\":4,\"TechnicalName\":\"variable___InvoiceId\",\"TechnicalValue\":\"\",\"Name\":\"InvoiceId\",\"ColumnType\":{\"ItemText\":\"Source Column\",\"ItemValue\":\"DataSourceColumn\"},\"RequiredOrder\":false,\"ColumnSetting\":{\"Id\":\"9cd76769-2851-491d-b7dd-b031008725eb\",\"Column\":{\"Id\":\"eb462c95-6fa2-4acf-b9d3-b00a00f86e7a\",\"Name\":\"InvoiceExternalDocumentNo\",\"TypeDisplayName\":\"Source Column\",\"MapId\":\"PAYMENTS_01_BC_CW\",\"Sequence\":0,\"ErrorInfo\":\"\"},\"Grouped\":true,\"AggregateFunction\":{\"ItemText\":\"First\",\"ItemValue\":\"4\"},\"Sequence\":0,\"IncludeInScripting\":true,\"ColumnName\":\"InvoiceExternalDocumentNo\",\"ColumnTypeName\":\"Source Column\"},\"ColumnSettingColumnName\":\"InvoiceExternalDocumentNo\",\"ColumnSettingColumnType\":{\"ItemText\":\"Source Column\",\"ItemValue\":\"DataSourceColumn\"},\"Error\":\"\",\"IsRequired\":true,\"AllowEdit\":true,\"AllowCreate\":true,\"Required\":\"Y\",\"Options\":[]}],\"ParentColumns\":null,\"ModelErrors\":null,\"IsChild\":false,\"IsParent\":false,\"Level\":0,\"LevelDescription\":\"Update Payment\",\"ParentDescription\":null,\"ParentTechnicalName\":null,\"ParentTechnicalValue\":null,\"SaveSendResult\":false,\"SendResultFields\":[]}],\"AdditionalColumns\":[{\"AdditionalColumnId\":\"c88c438e-591c-4756-9109-b0310088d1ac\",\"AdditionalColumnName\":\"CALC_POSITIVE_PAYMENTS\",\"AdditionalColumnType\":\"Calculation\",\"AdditionalColumnTypeValue\":\"CalculationColumn\",\"AdditionalColumnModel\":\"{\\\"ScriptCode\\\":\\\"//flip symbol to positive payments\\\\nreturn this._TotalPayments * -1;\\\"}\",\"Sequence\":101,\"IncludeInScripting\":false},{\"AdditionalColumnId\":\"b375ae3f-ac0d-4946-8f86-b031008a68c9\",\"AdditionalColumnName\":\"CALC_PAYMENT_DATE\",\"AdditionalColumnType\":\"Calculation\",\"AdditionalColumnTypeValue\":\"CalculationColumn\",\"AdditionalColumnModel\":\"{\\\"ScriptCode\\\":\\\"//format payment date before sending to ConnectWise\\\\nvar nd = new Date(this._PaymentPostingDate);\\\\nreturn nd.toISOString();\\\"}\",\"Sequence\":102,\"IncludeInScripting\":false},{\"AdditionalColumnId\":\"54197300-7787-414f-92b4-b0620096da7e\",\"AdditionalColumnName\":\"LKUP_NEW_PAYMENT\",\"AdditionalColumnType\":\"REST Lookup\",\"AdditionalColumnTypeValue\":\"GenericRestLookupColumn\",\"AdditionalColumnModel\":\"{\\\"instanceId\\\":\\\"f04d9445-eab6-43ed-962a-afe400e1ebe8\\\",\\\"lookupId\\\":\\\"48976d38-a846-4e8b-a34e-afe300a55e57\\\",\\\"lookupName\\\":\\\"Invoice Payment Id by Invoice Id\\\",\\\"noData\\\":\\\"Restrict line out if data exists\\\",\\\"defaultValue\\\":\\\"\\\",\\\"ReturnFields\\\":[{\\\"ItemText\\\":\\\"id\\\",\\\"ItemValue\\\":\\\"id\\\"}],\\\"filters\\\":[{\\\"id\\\":\\\"386de2e8-67d8-4cf9-b9b2-b0620096da7e\\\",\\\"columnFilterType\\\":2,\\\"fieldName\\\":\\\"InvoiceId\\\",\\\"filterDescription\\\":\\\"InvoiceId\\\",\\\"columnName\\\":\\\"InvoiceExternalDocumentNo\\\",\\\"filterTypeClass\\\":\\\"far fa-fw fa-terminal\\\",\\\"filterTypeText\\\":\\\"Variable\\\"}],\\\"isLateBound\\\":false,\\\"includeResultInScripting\\\":false}\",\"Sequence\":99,\"IncludeInScripting\":true},{\"AdditionalColumnId\":\"57d080fa-953c-4fd2-b547-b0620096da7e\",\"AdditionalColumnName\":\"LKUP_EXISTING_PAYMENT\",\"AdditionalColumnType\":\"REST Lookup\",\"AdditionalColumnTypeValue\":\"GenericRestLookupColumn\",\"AdditionalColumnModel\":\"{\\\"instanceId\\\":\\\"f04d9445-eab6-43ed-962a-afe400e1ebe8\\\",\\\"lookupId\\\":\\\"48976d38-a846-4e8b-a34e-afe300a55e57\\\",\\\"lookupName\\\":\\\"Invoice Payment Id by Invoice Id\\\",\\\"noData\\\":\\\"Restrict line out if no data exists\\\",\\\"defaultValue\\\":\\\"\\\",\\\"ReturnFields\\\":[{\\\"ItemText\\\":\\\"id\\\",\\\"ItemValue\\\":\\\"id\\\"}],\\\"filters\\\":[{\\\"id\\\":\\\"1f910fb8-b7b3-4921-90f4-b0620096da7e\\\",\\\"columnFilterType\\\":2,\\\"fieldName\\\":\\\"InvoiceId\\\",\\\"filterDescription\\\":\\\"InvoiceId\\\",\\\"columnName\\\":\\\"InvoiceExternalDocumentNo\\\",\\\"filterTypeClass\\\":\\\"far fa-fw fa-terminal\\\",\\\"filterTypeText\\\":\\\"Variable\\\"}],\\\"isLateBound\\\":false,\\\"includeResultInScripting\\\":false}\",\"Sequence\":100,\"IncludeInScripting\":true}],\"AdditionalColumnsTypeList\":[{\"ItemText\":\"Calculation\",\"ItemValue\":\"CalculationColumn\"},{\"ItemText\":\"Custom Rolling Column\",\"ItemValue\":\"CustomRollingColumn\"},{\"ItemText\":\"Date Calculation\",\"ItemValue\":\"DateColumn\"},{\"ItemText\":\"Global Rolling Column\",\"ItemValue\":\"GlobalRollingColumn\"},{\"ItemText\":\"Local Constant\",\"ItemValue\":\"LocalConstantColumn\"},{\"ItemText\":\"MSSQL Lookup\",\"ItemValue\":\"MssqlLookupColumn\"},{\"ItemText\":\"REST Lookup\",\"ItemValue\":\"GenericRestLookupColumn\"},{\"ItemText\":\"Translation\",\"ItemValue\":\"TranslationColumn\"}],\"AggregateFunctionsList\":[{\"ItemText\":\"Concat\",\"ItemValue\":\"6\"},{\"ItemText\":\"First\",\"ItemValue\":\"4\"},{\"ItemText\":\"Last\",\"ItemValue\":\"5\"},{\"ItemText\":\"Max\",\"ItemValue\":\"3\"},{\"ItemText\":\"Min\",\"ItemValue\":\"2\"},{\"ItemText\":\"Sum\",\"ItemValue\":\"1\"}],\"ColumnTypesList\":[{\"ItemText\":\"Calculation\",\"ItemValue\":\"CalculationColumn\"},{\"ItemText\":\"Custom Rolling Column\",\"ItemValue\":\"CustomRollingColumn\"},{\"ItemText\":\"Date Calculation\",\"ItemValue\":\"DateColumn\"},{\"ItemText\":\"Global Rolling Column\",\"ItemValue\":\"GlobalRollingColumn\"},{\"ItemText\":\"List Option\",\"ItemValue\":\"ListColumn\"},{\"ItemText\":\"Local Constant\",\"ItemValue\":\"LocalConstantColumn\"},{\"ItemText\":\"Parent Source Column\",\"ItemValue\":\"ParentDataSourceColumn\"},{\"ItemText\":\"REST Lookup\",\"ItemValue\":\"GenericRestLookupColumn\"},{\"ItemText\":\"Source Column\",\"ItemValue\":\"DataSourceColumn\"},{\"ItemText\":\"Translation\",\"ItemValue\":\"TranslationColumn\"}],\"KeyFieldsList\":[{\"ItemText\":\"InvoiceAmount\",\"ItemValue\":\"InvoiceAmount\",\"IsDefault\":false},{\"ItemText\":\"InvoiceEntryNo\",\"ItemValue\":\"InvoiceEntryNo\",\"IsDefault\":false},{\"ItemText\":\"InvoiceExternalDocumentNo\",\"ItemValue\":\"InvoiceExternalDocumentNo\",\"IsDefault\":false},{\"ItemText\":\"InvoiceNo\",\"ItemValue\":\"InvoiceNo\",\"IsDefault\":false},{\"ItemText\":\"InvoicePreAssignedNo\",\"ItemValue\":\"InvoicePreAssignedNo\",\"IsDefault\":false},{\"ItemText\":\"InvoiceYourReference\",\"ItemValue\":\"InvoiceYourReference\",\"IsDefault\":false},{\"ItemText\":\"PaymentAmount\",\"ItemValue\":\"PaymentAmount\",\"IsDefault\":false},{\"ItemText\":\"PaymentCreatedAt\",\"ItemValue\":\"PaymentCreatedAt\",\"IsDefault\":false},{\"ItemText\":\"PaymentCustLedgEntryNo\",\"ItemValue\":\"PaymentCustLedgEntryNo\",\"IsDefault\":false},{\"ItemText\":\"PaymentEntryNo\",\"ItemValue\":\"PaymentEntryNo\",\"IsDefault\":false},{\"ItemText\":\"PaymentPostingDate\",\"ItemValue\":\"PaymentPostingDate\",\"IsDefault\":false},{\"ItemText\":\"TotalPayments\",\"ItemValue\":\"TotalPayments\",\"IsDefault\":false}],\"Tasks\":[{\"mapTaskId\":\"e8521999-a19f-4edf-a333-b0620096dde2\",\"mapTaskName\":\"INIT_VARIABLE\",\"mapTaskType\":\"Run Script\",\"mapTaskStage\":1,\"mapTaskStageName\":\"Integration Pre Tasks\",\"mapTaskSequence\":1,\"mapTaskOnFailure\":1,\"mapTaskOnSuccess\":1,\"mapTaskModel\":\"{\\\"TaskType\\\":1,\\\"TaskName\\\":\\\"INIT_VARIABLE\\\",\\\"Sequence\\\":1,\\\"OnFailure\\\":1,\\\"OnSuccess\\\":1,\\\"Success\\\":false,\\\"UsesSourceFields\\\":false,\\\"Code\\\":\\\"var nd = new Date();\\\\nthis.GBL_CW_STAGING_DATE = nd.toISOString();\\\\nreturn true;\\\"}\",\"mapTaskEnabled\":true},{\"mapTaskId\":\"0c76b586-4273-48a4-9ddf-b0310088dc1d\",\"mapTaskName\":\"FAIL_SET_NEXT_RUN_DATE_TIME\",\"mapTaskType\":\"Run Script\",\"mapTaskStage\":6,\"mapTaskStageName\":\"Integration Post Failure Tasks\",\"mapTaskSequence\":101,\"mapTaskOnFailure\":1,\"mapTaskOnSuccess\":1,\"mapTaskModel\":\"{\\\"TaskType\\\":6,\\\"TaskName\\\":\\\"FAIL_SET_NEXT_RUN_DATE_TIME\\\",\\\"Sequence\\\":101,\\\"OnFailure\\\":1,\\\"OnSuccess\\\":1,\\\"Success\\\":false,\\\"UsesSourceFields\\\":false,\\\"Code\\\":\\\"//Set date filter for next run\\\\nthis.GBL_BC_DATE = this.GBL_CW_STAGING_DATE;\\\\nreturn true;\\\"}\",\"mapTaskEnabled\":true},{\"mapTaskId\":\"b5272c91-2ab1-45eb-92b3-b0310088dcbc\",\"mapTaskName\":\"SUCCESS_SET_NEXT_RUN_DATE_TIME\",\"mapTaskType\":\"Run Script\",\"mapTaskStage\":5,\"mapTaskStageName\":\"Integration Post Success Tasks\",\"mapTaskSequence\":100,\"mapTaskOnFailure\":1,\"mapTaskOnSuccess\":1,\"mapTaskModel\":\"{\\\"TaskType\\\":5,\\\"TaskName\\\":\\\"SUCCESS_SET_NEXT_RUN_DATE_TIME\\\",\\\"Sequence\\\":100,\\\"OnFailure\\\":1,\\\"OnSuccess\\\":1,\\\"Success\\\":false,\\\"UsesSourceFields\\\":false,\\\"Code\\\":\\\"//Set date filter for next run\\\\nthis.GBL_BC_DATE = this.GBL_CW_STAGING_DATE;\\\\nreturn true;\\\"}\",\"mapTaskEnabled\":true}],\"MapOptions\":{\"NoDataOption\":\"success\",\"NoDataRunTasksOption\":\"RunAll\",\"BlankLineOption\":\"DoNothing\",\"ErrorProcessingFormat\":\"none\",\"EnableProcessErrors\":true,\"EnableSystemEventErrors\":true,\"ProcessErrorsLimit\":10,\"LogEnabled\":false,\"LogErrors\":false,\"LogXml\":false,\"LogSuccess\":false,\"LogDebugDocDetails\":false,\"LogDebugDocTasks\":false,\"LogDebugMapDetails\":false,\"LogDebugMapTasks\":false,\"ValidateDataTypes\":false,\"LogDebugDocItems\":false,\"LogDebugSchedule\":false,\"Owner\":\"ethan.sorenson@eonesolutions.com\",\"CreatedUser\":\"ethan.sorenson@eonesolutions.com\",\"IntegrationGroupId\":\"85e54141-aa7f-4cbe-8ae6-b00000a9a293\",\"IntegrationGroupName\":\"ConnectWise\",\"AllowAnyRun\":false,\"ScriptLanguage\":\"JavaScript\",\"ReturnSuccessIfNoData\":true,\"ConcatenationSeparator\":\"|\",\"FileOutputLimit\":10},\"Variables\":[{\"Id\":\"f2a436a2-1549-4742-a8db-b0310088de33\",\"GlobalVariable\":{\"Id\":\"b93978c2-9e32-40f5-b8d4-aced0103f4f6\",\"Name\":\"GBL_CW_STAGING_DATE\",\"Value\":\"2005-09-13T15:25:41Z\",\"IsSecure\":false,\"IsSystem\":false},\"Value\":\"2005-09-13T15:25:41Z\",\"PersistValue\":false,\"SelectAtRuntime\":false,\"RuntimeValueType\":0,\"RuntimePrompt\":null,\"PersistValueOnErrorRun\":false,\"RequireValue\":true},{\"Id\":\"b20d98cd-6cb4-4829-98b7-b00a00f86e7f\",\"GlobalVariable\":{\"Id\":\"ee48a7af-c267-4767-8cd6-adf700785f29\",\"Name\":\"GBL_BC_DATE\",\"Value\":\"2021-06-01T15:25:41Z\",\"IsSecure\":false,\"IsSystem\":false},\"Value\":\"2023-08-14T11:57:35.848Z\",\"PersistValue\":true,\"SelectAtRuntime\":false,\"RuntimeValueType\":0,\"RuntimePrompt\":null,\"PersistValueOnErrorRun\":false,\"RequireValue\":true},{\"Id\":\"63ffa60d-b970-4fd4-b3ea-b0620096de11\",\"GlobalVariable\":{\"Id\":\"e2753bc1-cb82-4cab-826a-afe5012deab0\",\"Name\":\"GBL_CW_UNPOSTED_IDS\",\"Value\":\"\",\"IsSecure\":false,\"IsSystem\":false},\"Value\":\"\",\"PersistValue\":false,\"SelectAtRuntime\":false,\"RuntimeValueType\":0,\"RuntimePrompt\":null,\"PersistValueOnErrorRun\":false,\"RequireValue\":false}],\"LoadErrors\":\"\",\"Notes\":[],\"Tenants\":[{\"Name\":\"GenericRest\",\"ServerName\":\"ConnectWise 1.0.0.1\",\"TechnicalName\":\"ConnectWise\",\"IsUserAdded\":false,\"Selected\":true,\"ConnectionInstanceId\":\"f04d9445-eab6-43ed-962a-afe400e1ebe8\",\"ConnectionInstanceName\":\"ConnectWise\"}],\"TenantScript\":\"return \\u0027\\u0027;\"}","SourceType":"eOne.SmartConnect.Connectors.NAV.Odata.MsNavOdataDatasource","SourceTypeName":"Dynamics 365 Business Central OData Query","TargetType":"eOne.SmartConnect.Connectors.GenericRest.GenericRestDestination","TargetTypeName":"Generic REST Destination","DataSource":"{\"Company\":\"CRONUS USA, Inc.\",\"Services\":[{\"ItemText\":\"PaymentCreatedAt gt GBL_BC_DATE and InvoiceExternalDocumentNo ne \\u0027\\u0027\",\"ItemValue\":\"CustomerPaymentsQuery\"}],\"Fields\":[{\"EntityName\":\"CustomerPaymentsQuery\",\"FieldName\":\"PaymentEntryNo\",\"DisplayName\":\"Entry No.\",\"JsonValue\":\"value.PaymentEntryNo\",\"TechnicalValue\":\"Edm.Int32\",\"Selected\":false},{\"EntityName\":\"CustomerPaymentsQuery\",\"FieldName\":\"PaymentAmount\",\"DisplayName\":\"Amount\",\"JsonValue\":\"value.PaymentAmount\",\"TechnicalValue\":\"Edm.Decimal\",\"Selected\":false},{\"EntityName\":\"CustomerPaymentsQuery\",\"FieldName\":\"PaymentCustLedgEntryNo\",\"DisplayName\":\"Cust. Ledger Entry No.\",\"JsonValue\":\"value.PaymentCustLedgEntryNo\",\"TechnicalValue\":\"Edm.Int32\",\"Selected\":false},{\"EntityName\":\"CustomerPaymentsQuery\",\"FieldName\":\"PaymentPostingDate\",\"DisplayName\":\"Posting Date\",\"JsonValue\":\"value.PaymentPostingDate\",\"TechnicalValue\":\"Edm.Date\",\"Selected\":false},{\"EntityName\":\"CustomerPaymentsQuery\",\"FieldName\":\"PaymentCreatedAt\",\"DisplayName\":\"Created At\",\"JsonValue\":\"value.PaymentCreatedAt\",\"TechnicalValue\":\"Edm.DateTimeOffset\",\"Selected\":false},{\"EntityName\":\"CustomerPaymentsQuery\",\"FieldName\":\"InvoiceEntryNo\",\"DisplayName\":\"Entry No.\",\"JsonValue\":\"value.InvoiceEntryNo\",\"TechnicalValue\":\"Edm.Int32\",\"Selected\":false},{\"EntityName\":\"CustomerPaymentsQuery\",\"FieldName\":\"InvoiceAmount\",\"DisplayName\":\"Amount\",\"JsonValue\":\"value.InvoiceAmount\",\"TechnicalValue\":\"Edm.Decimal\",\"Selected\":false},{\"EntityName\":\"CustomerPaymentsQuery\",\"FieldName\":\"TotalPayments\",\"DisplayName\":\"TotalPayments\",\"JsonValue\":\"value.TotalPayments\",\"TechnicalValue\":\"Edm.Decimal\",\"Selected\":false},{\"EntityName\":\"CustomerPaymentsQuery\",\"FieldName\":\"InvoiceNo\",\"DisplayName\":\"No.\",\"JsonValue\":\"value.InvoiceNo\",\"TechnicalValue\":\"Edm.String\",\"Selected\":false},{\"EntityName\":\"CustomerPaymentsQuery\",\"FieldName\":\"InvoicePreAssignedNo\",\"DisplayName\":\"Pre-Assigned No.\",\"JsonValue\":\"value.InvoicePreAssignedNo\",\"TechnicalValue\":\"Edm.String\",\"Selected\":false},{\"EntityName\":\"CustomerPaymentsQuery\",\"FieldName\":\"InvoiceExternalDocumentNo\",\"DisplayName\":\"External Document No.\",\"JsonValue\":\"value.InvoiceExternalDocumentNo\",\"TechnicalValue\":\"Edm.String\",\"Selected\":false},{\"EntityName\":\"CustomerPaymentsQuery\",\"FieldName\":\"InvoiceYourReference\",\"DisplayName\":\"Your Reference\",\"JsonValue\":\"value.InvoiceYourReference\",\"TechnicalValue\":\"Edm.String\",\"Selected\":false}],\"FriendlyName\":null,\"Name\":null,\"ViewName\":null,\"LargeImage\":null,\"TypeName\":null,\"QueryText\":null,\"TrimStrings\":false,\"RegisteredConnectorId\":\"00000000-0000-0000-0000-000000000000\",\"ProviderName\":null,\"ImageUrl\":\"https://app.smartconnect.com/content/eone/connectors/\",\"Id\":\"55b61730-53c7-4afd-8324-b00700f058e6\",\"ConnectionId\":\"01bd75e4-d577-4978-b4c7-b00700ef9ac3\",\"Description\":\"01 Payments\",\"FromQueryBuilder\":false,\"FreeTextDatabaseName\":false}","DataSourceConnection":"","Destination":"{\"connectionId\":\"f04d9445-eab6-43ed-962a-afe400e1ebe8\",\"setupId\":\"5aacf544-4e72-421c-a2e3-afe300a55e11\",\"actions\":[{\"id\":\"e3ca9dc3-765b-4698-9ff6-afe300a55e44\",\"name\":\"Create Payment\",\"entityName\":\"\",\"groupName\":\"Sales\"},{\"id\":\"537dc5a7-e5f8-4db1-b744-afe300a55e44\",\"name\":\"Update Payment\",\"entityName\":\"\",\"groupName\":\"Sales\"}],\"filePath\":null,\"toFile\":false,\"removeUnmapped\":false,\"providerName\":\"ConnectWise 1.0.0.1\",\"CurrentInstance\":{\"InstanceType\":\"(REST) ConnectWise 1.0.0.1\",\"Id\":\"f04d9445-eab6-43ed-962a-afe400e1ebe8\",\"InstanceName\":\"\",\"Description\":\"ConnectWise\",\"IsDefault\":false,\"IsLocal\":false,\"LocalServerName\":\"00000000-0000-0000-0000-000000000000\",\"ImageUrl\":\"https://app.smartconnect.com/files/getImage?id=5f365292-c701-4aa6-aa01-afe500eae5eb\",\"SourceUrl\":\"\",\"TargetUrl\":\"\",\"CustomError\":\"\",\"ConnectionLinks\":null},\"DestinationType\":\"GenericRestDestination\",\"DestinationTypeFriendlyName\":\"Generic REST Destination\",\"Id\":\"ccf86dc8-0767-4b5f-bd5d-b0620096da46\",\"Args\":null,\"ImplementsClearFields\":false,\"OrganisationType\":null}","DestinationConnection":"","RequiresFile":false,"RequiredFileHolderId":"00000000-0000-0000-0000-000000000000","RequiredFiles":null,"Metadata":[],"Notes":""}