{"IntegrationId":"INV_ADJ_01_CW_BC","IntegrationName":"Import CW Inventory Adjustments as BC Item Journal Lines","Integration":"{\"Id\":\"911daf55-6e37-4862-b031-b03700e59f74\",\"Name\":\"INV_ADJ_01_CW_BC\",\"Description\":\"Import CW Inventory Adjustments as BC Item Journal Lines\",\"KeyFields\":[\"connectwise_id\"],\"DataSourceType\":\"Rest___5aacf544-4e72-421c-a2e3-afe300a55e11DataSourceAssociation\",\"DataSourceId\":\"cedf6eaf-0705-4a43-8b13-b06200f25627\",\"DataSourceDetailUrl\":null,\"DataSourceDisplayName\":null,\"DataSourceJson\":\"{\\\"entityId\\\":\\\"9ff8cbc4-9274-4353-a086-b036010ff194\\\",\\\"EntityName\\\":\\\"01 Incremental Adjustment Detail\\\",\\\"GroupName\\\":\\\"Inventory\\\",\\\"providerData\\\":\\\"ConnectWise 1.0.0.1\\\",\\\"fields\\\":[{\\\"name\\\":\\\"closedBy\\\",\\\"type\\\":\\\"String\\\",\\\"path\\\":\\\"closedBy\\\",\\\"selected\\\":true,\\\"isCalc\\\":false,\\\"enumItems\\\":[]},{\\\"name\\\":\\\"closedDate\\\",\\\"type\\\":\\\"Date\\\",\\\"path\\\":\\\"closedDate\\\",\\\"selected\\\":true,\\\"isCalc\\\":false,\\\"enumItems\\\":[]},{\\\"name\\\":\\\"closedFlag\\\",\\\"type\\\":\\\"Boolean\\\",\\\"path\\\":\\\"closedFlag\\\",\\\"selected\\\":true,\\\"isCalc\\\":false,\\\"enumItems\\\":[]},{\\\"name\\\":\\\"connectwise_id\\\",\\\"type\\\":\\\"Integer\\\",\\\"path\\\":\\\"adjustmentDetails.id\\\",\\\"selected\\\":true,\\\"isCalc\\\":false,\\\"enumItems\\\":[]},{\\\"name\\\":\\\"details_catalogItem_id\\\",\\\"type\\\":\\\"Integer\\\",\\\"path\\\":\\\"adjustmentDetails.catalogItem.id\\\",\\\"selected\\\":true,\\\"isCalc\\\":false,\\\"enumItems\\\":[]},{\\\"name\\\":\\\"details_catalogItem_identifier\\\",\\\"type\\\":\\\"String\\\",\\\"path\\\":\\\"adjustmentDetails.catalogItem.identifier\\\",\\\"selected\\\":true,\\\"isCalc\\\":false,\\\"enumItems\\\":[]},{\\\"name\\\":\\\"details_description\\\",\\\"type\\\":\\\"String\\\",\\\"path\\\":\\\"adjustmentDetails.description\\\",\\\"selected\\\":true,\\\"isCalc\\\":false,\\\"enumItems\\\":[]},{\\\"name\\\":\\\"details_lastUpdated\\\",\\\"type\\\":\\\"Date\\\",\\\"path\\\":\\\"adjustmentDetails._info.lastUpdated\\\",\\\"selected\\\":true,\\\"isCalc\\\":false,\\\"enumItems\\\":[]},{\\\"name\\\":\\\"details_quantityAdjusted\\\",\\\"type\\\":\\\"Quantity\\\",\\\"path\\\":\\\"adjustmentDetails.quantityAdjusted\\\",\\\"selected\\\":true,\\\"isCalc\\\":false,\\\"enumItems\\\":[]},{\\\"name\\\":\\\"details_quantityOnHand\\\",\\\"type\\\":\\\"Quantity\\\",\\\"path\\\":\\\"adjustmentDetails.quantityOnHand\\\",\\\"selected\\\":true,\\\"isCalc\\\":false,\\\"enumItems\\\":[]},{\\\"name\\\":\\\"details_unitCost\\\",\\\"type\\\":\\\"Float\\\",\\\"path\\\":\\\"adjustmentDetails.unitCost\\\",\\\"selected\\\":true,\\\"isCalc\\\":false,\\\"enumItems\\\":[]},{\\\"name\\\":\\\"details_updatedBy\\\",\\\"type\\\":\\\"String\\\",\\\"path\\\":\\\"adjustmentDetails._info.updatedBy\\\",\\\"selected\\\":true,\\\"isCalc\\\":false,\\\"enumItems\\\":[]},{\\\"name\\\":\\\"details_warehouse_id\\\",\\\"type\\\":\\\"Integer\\\",\\\"path\\\":\\\"adjustmentDetails.warehouse.id\\\",\\\"selected\\\":true,\\\"isCalc\\\":false,\\\"enumItems\\\":[]},{\\\"name\\\":\\\"details_warehouse_lockedFlag\\\",\\\"type\\\":\\\"Boolean\\\",\\\"path\\\":\\\"adjustmentDetails.warehouse.lockedFlag\\\",\\\"selected\\\":true,\\\"isCalc\\\":false,\\\"enumItems\\\":[]},{\\\"name\\\":\\\"details_warehouse_name\\\",\\\"type\\\":\\\"String\\\",\\\"path\\\":\\\"adjustmentDetails.warehouse.name\\\",\\\"selected\\\":true,\\\"isCalc\\\":false,\\\"enumItems\\\":[]},{\\\"name\\\":\\\"details_warehouseBin_id\\\",\\\"type\\\":\\\"Integer\\\",\\\"path\\\":\\\"adjustmentDetails.warehouseBin.id\\\",\\\"selected\\\":true,\\\"isCalc\\\":false,\\\"enumItems\\\":[]},{\\\"name\\\":\\\"details_warehouseBin_name\\\",\\\"type\\\":\\\"String\\\",\\\"path\\\":\\\"adjustmentDetails.warehouseBin.name\\\",\\\"selected\\\":true,\\\"isCalc\\\":false,\\\"enumItems\\\":[]},{\\\"name\\\":\\\"entry_type\\\",\\\"type\\\":\\\"String\\\",\\\"path\\\":\\\"\\\",\\\"selected\\\":true,\\\"isCalc\\\":true,\\\"enumItems\\\":[]},{\\\"name\\\":\\\"id\\\",\\\"type\\\":\\\"Integer\\\",\\\"path\\\":\\\"id\\\",\\\"selected\\\":true,\\\"isCalc\\\":false,\\\"enumItems\\\":[]},{\\\"name\\\":\\\"identifier\\\",\\\"type\\\":\\\"String\\\",\\\"path\\\":\\\"identifier\\\",\\\"selected\\\":true,\\\"isCalc\\\":false,\\\"enumItems\\\":[]},{\\\"name\\\":\\\"positive_quantityAdjusted\\\",\\\"type\\\":\\\"String\\\",\\\"path\\\":\\\"\\\",\\\"selected\\\":true,\\\"isCalc\\\":true,\\\"enumItems\\\":[]},{\\\"name\\\":\\\"type id\\\",\\\"type\\\":\\\"Integer\\\",\\\"path\\\":\\\"type.id\\\",\\\"selected\\\":true,\\\"isCalc\\\":false,\\\"enumItems\\\":[]},{\\\"name\\\":\\\"type_identifier\\\",\\\"type\\\":\\\"String\\\",\\\"path\\\":\\\"type.identifier\\\",\\\"selected\\\":true,\\\"isCalc\\\":false,\\\"enumItems\\\":[]}],\\\"SourceType\\\":\\\"eOne.SmartConnect.Connectors.GenericRest.GenericRestDataSource\\\",\\\"SourceName\\\":\\\"01 Incremental Adjustment Detail\\\",\\\"usedPlaceholders\\\":null,\\\"headers\\\":null,\\\"parameters\\\":null,\\\"body\\\":null,\\\"FriendlyName\\\":null,\\\"Name\\\":\\\"ConnectWise 1.0.0.1 Data Source\\\",\\\"ViewName\\\":null,\\\"LargeImage\\\":\\\"___5f365292-c701-4aa6-aa01-afe500eae5eb\\\",\\\"TypeName\\\":null,\\\"QueryText\\\":null,\\\"TrimStrings\\\":false,\\\"RegisteredConnectorId\\\":\\\"00000000-0000-0000-0000-000000000000\\\",\\\"ProviderName\\\":\\\"5aacf544-4e72-421c-a2e3-afe300a55e11\\\",\\\"ImageUrl\\\":\\\"https://app.smartconnect.com/files/getImage?id=5f365292-c701-4aa6-aa01-afe500eae5eb\\\",\\\"Id\\\":\\\"3d8a6928-31ac-47c9-a45a-b03700a201c4\\\",\\\"ConnectionId\\\":\\\"f04d9445-eab6-43ed-962a-afe400e1ebe8\\\",\\\"Description\\\":\\\"01 Incremental Adjustment Detail\\\",\\\"FromQueryBuilder\\\":false,\\\"FreeTextDatabaseName\\\":false}\",\"DestinationType\":\"eOne.SmartConnect.Connectors.NAV.Odata.MsNavOdataDestination\",\"DestinationId\":\"de2a4201-bcd6-4a31-ac19-b06200f25627\",\"DestinationDetailUrl\":null,\"DestinationDisplayName\":null,\"DestinationJson\":\"{\\\"Services\\\":[{\\\"ItemText\\\":\\\"ItemJournal\\\",\\\"ItemValue\\\":\\\"ItemJournal\\\"}],\\\"IncludeLinks\\\":false,\\\"ToFile\\\":false,\\\"Company\\\":\\\"CRONUS USA, Inc.\\\",\\\"RemoveBlankProperties\\\":false,\\\"IgnoreUpdateConflicts\\\":false,\\\"DisableParallelSend\\\":true,\\\"CurrentInstance\\\":{\\\"ServiceUrl\\\":\\\"https://api.businesscentral.dynamics.com/v2.0/ee065533-ca31-465c-9697-723086c8e4c7/US/ODataV4\\\",\\\"UserName\\\":\\\"\\\",\\\"Password\\\":\\\"\\\",\\\"DefaultCompany\\\":\\\"CRONUS USA, Inc.\\\",\\\"AllowLongTimeout\\\":false,\\\"TimeoutMinutes\\\":5,\\\"RetryFailedRequests\\\":true,\\\"RetryCount\\\":10,\\\"Username\\\":\\\"ethan.sorenson@eones.onmicrosoft.com\\\",\\\"Companies\\\":[],\\\"InstanceType\\\":\\\"Dynamics 365 Business Central Odata\\\",\\\"Id\\\":\\\"01bd75e4-d577-4978-b4c7-b00700ef9ac3\\\",\\\"InstanceName\\\":\\\"\\\",\\\"Description\\\":\\\"Ethan US Sandbox\\\",\\\"IsDefault\\\":false,\\\"IsLocal\\\":false,\\\"LocalServerName\\\":\\\"00000000-0000-0000-0000-000000000000\\\",\\\"ImageUrl\\\":\\\"../../content/eone/connectors/dynamics_business_central_100.png\\\",\\\"SourceUrl\\\":\\\"../../msnav/source\\\",\\\"TargetUrl\\\":\\\"../../msnav/target\\\",\\\"CustomError\\\":\\\"\\\",\\\"ConnectionLinks\\\":null},\\\"DestinationType\\\":\\\"MsNavOdataDestination\\\",\\\"DestinationTypeFriendlyName\\\":\\\"Dynamics 365 Business Central OData\\\",\\\"Id\\\":\\\"de2a4201-bcd6-4a31-ac19-b06200f25627\\\",\\\"Args\\\":null,\\\"ImplementsClearFields\\\":false,\\\"OrganisationType\\\":null}\",\"Lines\":[{\"Id\":\"5a2d60cf-e3d4-47d2-a752-b03700e5b797\",\"Description\":\"ItemJournal\",\"MapId\":\"INV_ADJ_01_CW_BC\",\"MapDescription\":\"Import CW Inventory Adjustments as BC Item Journal Lines\",\"TechnicalName\":\"NAV_ItemJournal\",\"TechnicalValue\":\"NAV.ItemJournal\",\"ForDelete\":false,\"ForDeleteEnabled\":true,\"ForDeleteVisible\":true,\"UpdateIfExists\":true,\"UpdateIfExistsEnabled\":true,\"UpdateIfExistsVisible\":true,\"UpdateBlanks\":false,\"UpdateBlanksEnabled\":true,\"UpdateBlanksVisible\":false,\"Sequence\":0,\"LineNumber\":0,\"Mapped\":true,\"Grouped\":true,\"Restrictions\":\"return true;\",\"Allowed\":false,\"SourceColumns\":[{\"Id\":\"ffc054fb-358d-4d4a-8c6a-b03700e59f87\",\"ColumnName\":\"identifier\",\"ColumnType\":\"DataSourceColumn\",\"ColumnTypeName\":\"Source Column\",\"Grouped\":false,\"AllowGroupBy\":true,\"AggregateFunction\":{\"ItemText\":\"First\",\"ItemValue\":\"4\"},\"ImageClass\":null,\"Sequence\":0,\"IncludeInScripting\":true},{\"Id\":\"a2fc9dd0-cf29-43c7-91d3-b03700e59f8c\",\"ColumnName\":\"closedFlag\",\"ColumnType\":\"DataSourceColumn\",\"ColumnTypeName\":\"Source Column\",\"Grouped\":false,\"AllowGroupBy\":true,\"AggregateFunction\":{\"ItemText\":\"First\",\"ItemValue\":\"4\"},\"ImageClass\":null,\"Sequence\":0,\"IncludeInScripting\":true},{\"Id\":\"2f9de228-78fb-47ed-adbc-b03700e59f8c\",\"ColumnName\":\"typeid\",\"ColumnType\":\"DataSourceColumn\",\"ColumnTypeName\":\"Source Column\",\"Grouped\":false,\"AllowGroupBy\":true,\"AggregateFunction\":{\"ItemText\":\"First\",\"ItemValue\":\"4\"},\"ImageClass\":null,\"Sequence\":0,\"IncludeInScripting\":true},{\"Id\":\"40bdab20-4f42-4f37-b143-b03700e59f8c\",\"ColumnName\":\"type_identifier\",\"ColumnType\":\"DataSourceColumn\",\"ColumnTypeName\":\"Source Column\",\"Grouped\":false,\"AllowGroupBy\":true,\"AggregateFunction\":{\"ItemText\":\"First\",\"ItemValue\":\"4\"},\"ImageClass\":null,\"Sequence\":0,\"IncludeInScripting\":true},{\"Id\":\"c7508d9f-5e12-4bab-98dc-b03700e59f90\",\"ColumnName\":\"details_catalogItem_id\",\"ColumnType\":\"DataSourceColumn\",\"ColumnTypeName\":\"Source Column\",\"Grouped\":false,\"AllowGroupBy\":true,\"AggregateFunction\":{\"ItemText\":\"First\",\"ItemValue\":\"4\"},\"ImageClass\":null,\"Sequence\":0,\"IncludeInScripting\":true},{\"Id\":\"b9db0a10-6a6a-4cba-9e10-b03700e59f90\",\"ColumnName\":\"closedBy\",\"ColumnType\":\"DataSourceColumn\",\"ColumnTypeName\":\"Source Column\",\"Grouped\":false,\"AllowGroupBy\":true,\"AggregateFunction\":{\"ItemText\":\"First\",\"ItemValue\":\"4\"},\"ImageClass\":null,\"Sequence\":0,\"IncludeInScripting\":true},{\"Id\":\"08c55467-cab2-44e5-bd4a-b03700e59f90\",\"ColumnName\":\"closedDate\",\"ColumnType\":\"DataSourceColumn\",\"ColumnTypeName\":\"Source Column\",\"Grouped\":false,\"AllowGroupBy\":true,\"AggregateFunction\":{\"ItemText\":\"First\",\"ItemValue\":\"4\"},\"ImageClass\":null,\"Sequence\":0,\"IncludeInScripting\":true},{\"Id\":\"6f2d3584-ab29-4735-97ab-b03700e59f95\",\"ColumnName\":\"details_quantityOnHand\",\"ColumnType\":\"DataSourceColumn\",\"ColumnTypeName\":\"Source Column\",\"Grouped\":false,\"AllowGroupBy\":true,\"AggregateFunction\":{\"ItemText\":\"First\",\"ItemValue\":\"4\"},\"ImageClass\":null,\"Sequence\":0,\"IncludeInScripting\":true},{\"Id\":\"7419a1b3-a12d-407b-b7dd-b03700e59f95\",\"ColumnName\":\"details_description\",\"ColumnType\":\"DataSourceColumn\",\"ColumnTypeName\":\"Source Column\",\"Grouped\":false,\"AllowGroupBy\":true,\"AggregateFunction\":{\"ItemText\":\"First\",\"ItemValue\":\"4\"},\"ImageClass\":null,\"Sequence\":0,\"IncludeInScripting\":true},{\"Id\":\"3e6e53be-bb4c-4a91-84a6-b03700e59f9a\",\"ColumnName\":\"details_warehouse_id\",\"ColumnType\":\"DataSourceColumn\",\"ColumnTypeName\":\"Source Column\",\"Grouped\":false,\"AllowGroupBy\":true,\"AggregateFunction\":{\"ItemText\":\"First\",\"ItemValue\":\"4\"},\"ImageClass\":null,\"Sequence\":0,\"IncludeInScripting\":true},{\"Id\":\"c5a40560-9ffd-47f4-9ebf-b03700e59f9a\",\"ColumnName\":\"details_unitCost\",\"ColumnType\":\"DataSourceColumn\",\"ColumnTypeName\":\"Source Column\",\"Grouped\":false,\"AllowGroupBy\":true,\"AggregateFunction\":{\"ItemText\":\"First\",\"ItemValue\":\"4\"},\"ImageClass\":null,\"Sequence\":0,\"IncludeInScripting\":true},{\"Id\":\"72c43ee3-5f73-400e-9ee6-b03700e59f9a\",\"ColumnName\":\"details_warehouse_name\",\"ColumnType\":\"DataSourceColumn\",\"ColumnTypeName\":\"Source Column\",\"Grouped\":false,\"AllowGroupBy\":true,\"AggregateFunction\":{\"ItemText\":\"First\",\"ItemValue\":\"4\"},\"ImageClass\":null,\"Sequence\":0,\"IncludeInScripting\":true},{\"Id\":\"c5154272-7f5d-4d5e-b81f-b03700e59f9e\",\"ColumnName\":\"details_warehouseBin_id\",\"ColumnType\":\"DataSourceColumn\",\"ColumnTypeName\":\"Source Column\",\"Grouped\":false,\"AllowGroupBy\":true,\"AggregateFunction\":{\"ItemText\":\"First\",\"ItemValue\":\"4\"},\"ImageClass\":null,\"Sequence\":0,\"IncludeInScripting\":true},{\"Id\":\"6318cd47-dcbe-471f-bbae-b03700e59f9e\",\"ColumnName\":\"details_warehouse_lockedFlag\",\"ColumnType\":\"DataSourceColumn\",\"ColumnTypeName\":\"Source Column\",\"Grouped\":false,\"AllowGroupBy\":true,\"AggregateFunction\":{\"ItemText\":\"First\",\"ItemValue\":\"4\"},\"ImageClass\":null,\"Sequence\":0,\"IncludeInScripting\":true},{\"Id\":\"0dcff6c8-369a-4b87-8053-b03700e59fa3\",\"ColumnName\":\"details_quantityAdjusted\",\"ColumnType\":\"DataSourceColumn\",\"ColumnTypeName\":\"Source Column\",\"Grouped\":false,\"AllowGroupBy\":true,\"AggregateFunction\":{\"ItemText\":\"First\",\"ItemValue\":\"4\"},\"ImageClass\":null,\"Sequence\":0,\"IncludeInScripting\":true},{\"Id\":\"30daefd2-52de-4877-a8e2-b03700e59fa3\",\"ColumnName\":\"details_lastUpdated\",\"ColumnType\":\"DataSourceColumn\",\"ColumnTypeName\":\"Source Column\",\"Grouped\":false,\"AllowGroupBy\":true,\"AggregateFunction\":{\"ItemText\":\"First\",\"ItemValue\":\"4\"},\"ImageClass\":null,\"Sequence\":0,\"IncludeInScripting\":true},{\"Id\":\"d7f4b4e1-a588-4ee0-b988-b03700e59fa3\",\"ColumnName\":\"details_warehouseBin_name\",\"ColumnType\":\"DataSourceColumn\",\"ColumnTypeName\":\"Source Column\",\"Grouped\":false,\"AllowGroupBy\":true,\"AggregateFunction\":{\"ItemText\":\"First\",\"ItemValue\":\"4\"},\"ImageClass\":null,\"Sequence\":0,\"IncludeInScripting\":true},{\"Id\":\"73e4bd3e-56f6-4328-9d5e-b03700e59fa8\",\"ColumnName\":\"details_catalogItem_identifier\",\"ColumnType\":\"DataSourceColumn\",\"ColumnTypeName\":\"Source Column\",\"Grouped\":false,\"AllowGroupBy\":true,\"AggregateFunction\":{\"ItemText\":\"First\",\"ItemValue\":\"4\"},\"ImageClass\":null,\"Sequence\":0,\"IncludeInScripting\":true},{\"Id\":\"1a1bd2de-328e-4ac5-ad4c-b03700e59fa8\",\"ColumnName\":\"details_updatedBy\",\"ColumnType\":\"DataSourceColumn\",\"ColumnTypeName\":\"Source Column\",\"Grouped\":false,\"AllowGroupBy\":true,\"AggregateFunction\":{\"ItemText\":\"First\",\"ItemValue\":\"4\"},\"ImageClass\":null,\"Sequence\":0,\"IncludeInScripting\":true},{\"Id\":\"e543bb6c-1d93-480a-b1e9-b03700e9086f\",\"ColumnName\":\"connectwise_id\",\"ColumnType\":\"DataSourceColumn\",\"ColumnTypeName\":\"Source Column\",\"Grouped\":true,\"AllowGroupBy\":true,\"AggregateFunction\":{\"ItemText\":\"First\",\"ItemValue\":\"4\"},\"ImageClass\":null,\"Sequence\":0,\"IncludeInScripting\":true},{\"Id\":\"4b3e44ee-5de6-4ee6-9d8a-b038008fea89\",\"ColumnName\":\"entry_type\",\"ColumnType\":\"DataSourceColumn\",\"ColumnTypeName\":\"Source Column\",\"Grouped\":false,\"AllowGroupBy\":true,\"AggregateFunction\":{\"ItemText\":\"First\",\"ItemValue\":\"4\"},\"ImageClass\":null,\"Sequence\":0,\"IncludeInScripting\":true},{\"Id\":\"1f3fbd7e-3b9f-4ab1-a7cb-b038008fea89\",\"ColumnName\":\"id\",\"ColumnType\":\"DataSourceColumn\",\"ColumnTypeName\":\"Source Column\",\"Grouped\":false,\"AllowGroupBy\":true,\"AggregateFunction\":{\"ItemText\":\"First\",\"ItemValue\":\"4\"},\"ImageClass\":null,\"Sequence\":0,\"IncludeInScripting\":true},{\"Id\":\"8aa0c05d-d78d-4352-8405-b03800930c45\",\"ColumnName\":\"positive_quantityAdjusted\",\"ColumnType\":\"DataSourceColumn\",\"ColumnTypeName\":\"Source Column\",\"Grouped\":false,\"AllowGroupBy\":true,\"AggregateFunction\":{\"ItemText\":\"First\",\"ItemValue\":\"4\"},\"ImageClass\":null,\"Sequence\":0,\"IncludeInScripting\":true}],\"TargetColumns\":[{\"Id\":\"00000000-0000-0000-0000-000000000000\",\"TypeString\":\"Edm.Decimal\",\"Number\":20,\"TechnicalName\":\"Amount\",\"TechnicalValue\":\"\",\"Name\":\"Amount\",\"ColumnType\":{\"ItemText\":\"Source Column\",\"ItemValue\":\"DataSourceColumn\"},\"RequiredOrder\":false,\"ColumnSetting\":{\"Id\":\"00000000-0000-0000-0000-000000000000\",\"Column\":null,\"Grouped\":false,\"AggregateFunction\":null,\"Sequence\":0,\"IncludeInScripting\":false,\"ColumnName\":\"\",\"ColumnTypeName\":\"\"},\"ColumnSettingColumnName\":\"\",\"ColumnSettingColumnType\":{\"ItemText\":\"Source Column\",\"ItemValue\":\"DataSourceColumn\"},\"Error\":\"\",\"IsRequired\":false,\"AllowEdit\":true,\"AllowCreate\":true,\"Required\":\"N\",\"Options\":[]},{\"Id\":\"f972181d-6550-44c9-a002-b03700e90f75\",\"TypeString\":\"Edm.String\",\"Number\":14,\"TechnicalName\":\"binCode\",\"TechnicalValue\":\"\",\"Name\":\"binCode\",\"ColumnType\":{\"ItemText\":\"Source Column\",\"ItemValue\":\"DataSourceColumn\"},\"RequiredOrder\":false,\"ColumnSetting\":{\"Id\":\"9e579fd1-6918-4dac-8078-b03700e90f7a\",\"Column\":{\"Id\":\"d7f4b4e1-a588-4ee0-b988-b03700e59fa3\",\"Name\":\"details_warehouseBin_name\",\"TypeDisplayName\":\"Source Column\",\"MapId\":\"INV_ADJ_01_CW_BC\",\"Sequence\":0,\"ErrorInfo\":\"\"},\"Grouped\":false,\"AggregateFunction\":{\"ItemText\":\"First\",\"ItemValue\":\"4\"},\"Sequence\":0,\"IncludeInScripting\":true,\"ColumnName\":\"details_warehouseBin_name\",\"ColumnTypeName\":\"Source Column\"},\"ColumnSettingColumnName\":\"details_warehouseBin_name\",\"ColumnSettingColumnType\":{\"ItemText\":\"Source Column\",\"ItemValue\":\"DataSourceColumn\"},\"Error\":\"\",\"IsRequired\":false,\"AllowEdit\":true,\"AllowCreate\":true,\"Required\":\"N\",\"Options\":[]},{\"Id\":\"ed554b52-126f-4c96-af87-b03700e90f7a\",\"TypeString\":\"Edm.String\",\"Number\":3,\"TechnicalName\":\"connectWiseId\",\"TechnicalValue\":\"\",\"Name\":\"connectWiseId\",\"ColumnType\":{\"ItemText\":\"Source Column\",\"ItemValue\":\"DataSourceColumn\"},\"RequiredOrder\":false,\"ColumnSetting\":{\"Id\":\"2e0a2be2-9baf-41ec-95ee-b03700e90f7f\",\"Column\":{\"Id\":\"e543bb6c-1d93-480a-b1e9-b03700e9086f\",\"Name\":\"connectwise_id\",\"TypeDisplayName\":\"Source Column\",\"MapId\":\"INV_ADJ_01_CW_BC\",\"Sequence\":0,\"ErrorInfo\":\"\"},\"Grouped\":true,\"AggregateFunction\":{\"ItemText\":\"First\",\"ItemValue\":\"4\"},\"Sequence\":0,\"IncludeInScripting\":true,\"ColumnName\":\"connectwise_id\",\"ColumnTypeName\":\"Source Column\"},\"ColumnSettingColumnName\":\"connectwise_id\",\"ColumnSettingColumnType\":{\"ItemText\":\"Source Column\",\"ItemValue\":\"DataSourceColumn\"},\"Error\":\"\",\"IsRequired\":false,\"AllowEdit\":true,\"AllowCreate\":true,\"Required\":\"N\",\"Options\":[]},{\"Id\":\"aae5672e-b846-4f56-98a2-b06200f25801\",\"TypeString\":\"Edm.String\",\"Number\":12,\"TechnicalName\":\"description\",\"TechnicalValue\":\"\",\"Name\":\"description\",\"ColumnType\":{\"ItemText\":\"Calculation\",\"ItemValue\":\"CalculationColumn\"},\"RequiredOrder\":false,\"ColumnSetting\":{\"Id\":\"0af6fdf7-a51c-4b24-8cf9-b06200f25801\",\"Column\":{\"Id\":\"a5acee27-4d99-4019-b435-b06200f2566e\",\"Name\":\"CALC_INV_ADJ_DESCRIPTION\",\"TypeDisplayName\":\"Calculation\",\"MapId\":\"INV_ADJ_01_CW_BC\",\"Sequence\":101,\"ErrorInfo\":\"\"},\"Grouped\":false,\"AggregateFunction\":{\"ItemText\":\"First\",\"ItemValue\":\"4\"},\"Sequence\":101,\"IncludeInScripting\":false,\"ColumnName\":\"CALC_INV_ADJ_DESCRIPTION\",\"ColumnTypeName\":\"Calculation\"},\"ColumnSettingColumnName\":\"CALC_INV_ADJ_DESCRIPTION\",\"ColumnSettingColumnType\":{\"ItemText\":\"Calculation\",\"ItemValue\":\"CalculationColumn\"},\"Error\":\"\",\"IsRequired\":false,\"AllowEdit\":true,\"AllowCreate\":true,\"Required\":\"N\",\"Options\":[]},{\"Id\":\"2b5ab92c-6322-4716-b847-b038008ff117\",\"TypeString\":\"Edm.Date\",\"Number\":6,\"TechnicalName\":\"documentDate\",\"TechnicalValue\":\"\",\"Name\":\"documentDate\",\"ColumnType\":{\"ItemText\":\"Source Column\",\"ItemValue\":\"DataSourceColumn\"},\"RequiredOrder\":false,\"ColumnSetting\":{\"Id\":\"b69331e0-0384-44c2-abb5-b038008ff117\",\"Column\":{\"Id\":\"08c55467-cab2-44e5-bd4a-b03700e59f90\",\"Name\":\"closedDate\",\"TypeDisplayName\":\"Source Column\",\"MapId\":\"INV_ADJ_01_CW_BC\",\"Sequence\":0,\"ErrorInfo\":\"\"},\"Grouped\":false,\"AggregateFunction\":{\"ItemText\":\"First\",\"ItemValue\":\"4\"},\"Sequence\":0,\"IncludeInScripting\":true,\"ColumnName\":\"closedDate\",\"ColumnTypeName\":\"Source Column\"},\"ColumnSettingColumnName\":\"closedDate\",\"ColumnSettingColumnType\":{\"ItemText\":\"Source Column\",\"ItemValue\":\"DataSourceColumn\"},\"Error\":\"\",\"IsRequired\":false,\"AllowEdit\":true,\"AllowCreate\":true,\"Required\":\"N\",\"Options\":[]},{\"Id\":\"b7546e0b-a973-493d-a3b3-b038008ff11c\",\"TypeString\":\"Edm.String\",\"Number\":8,\"TechnicalName\":\"documentNumber\",\"TechnicalValue\":\"\",\"Name\":\"documentNumber\",\"ColumnType\":{\"ItemText\":\"Calculation\",\"ItemValue\":\"CalculationColumn\"},\"RequiredOrder\":false,\"ColumnSetting\":{\"Id\":\"a64c1b91-8a1b-4a34-bba7-b038008ff11c\",\"Column\":{\"Id\":\"e19a4b1d-34b0-4506-94cc-b038008fea8e\",\"Name\":\"CALC_DOCUMENT_NUMBER\",\"TypeDisplayName\":\"Calculation\",\"MapId\":\"INV_ADJ_01_CW_BC\",\"Sequence\":102,\"ErrorInfo\":\"\"},\"Grouped\":false,\"AggregateFunction\":{\"ItemText\":\"First\",\"ItemValue\":\"4\"},\"Sequence\":102,\"IncludeInScripting\":false,\"ColumnName\":\"CALC_DOCUMENT_NUMBER\",\"ColumnTypeName\":\"Calculation\"},\"ColumnSettingColumnName\":\"CALC_DOCUMENT_NUMBER\",\"ColumnSettingColumnType\":{\"ItemText\":\"Calculation\",\"ItemValue\":\"CalculationColumn\"},\"Error\":\"\",\"IsRequired\":false,\"AllowEdit\":true,\"AllowCreate\":true,\"Required\":\"N\",\"Options\":[]},{\"Id\":\"2b5fc39b-d80c-43bf-ae7f-b038008ff11c\",\"TypeString\":\"Edm.String\",\"Number\":7,\"TechnicalName\":\"entryType\",\"TechnicalValue\":\"\",\"Name\":\"entryType\",\"ColumnType\":{\"ItemText\":\"Source Column\",\"ItemValue\":\"DataSourceColumn\"},\"RequiredOrder\":false,\"ColumnSetting\":{\"Id\":\"afdebe1c-aff7-49b9-ae70-b038008ff120\",\"Column\":{\"Id\":\"4b3e44ee-5de6-4ee6-9d8a-b038008fea89\",\"Name\":\"entry_type\",\"TypeDisplayName\":\"Source Column\",\"MapId\":\"INV_ADJ_01_CW_BC\",\"Sequence\":0,\"ErrorInfo\":\"\"},\"Grouped\":false,\"AggregateFunction\":{\"ItemText\":\"First\",\"ItemValue\":\"4\"},\"Sequence\":0,\"IncludeInScripting\":true,\"ColumnName\":\"entry_type\",\"ColumnTypeName\":\"Source Column\"},\"ColumnSettingColumnName\":\"entry_type\",\"ColumnSettingColumnType\":{\"ItemText\":\"Source Column\",\"ItemValue\":\"DataSourceColumn\"},\"Error\":\"\",\"IsRequired\":false,\"AllowEdit\":true,\"AllowCreate\":true,\"Required\":\"N\",\"Options\":[]},{\"Id\":\"00000000-0000-0000-0000-000000000000\",\"TypeString\":\"Edm.String\",\"Number\":15,\"TechnicalName\":\"generalBusPostingGroup\",\"TechnicalValue\":\"\",\"Name\":\"generalBusPostingGroup\",\"ColumnType\":{\"ItemText\":\"Source Column\",\"ItemValue\":\"DataSourceColumn\"},\"RequiredOrder\":false,\"ColumnSetting\":{\"Id\":\"00000000-0000-0000-0000-000000000000\",\"Column\":null,\"Grouped\":false,\"AggregateFunction\":null,\"Sequence\":0,\"IncludeInScripting\":false,\"ColumnName\":\"\",\"ColumnTypeName\":\"\"},\"ColumnSettingColumnName\":\"\",\"ColumnSettingColumnType\":{\"ItemText\":\"Source Column\",\"ItemValue\":\"DataSourceColumn\"},\"Error\":\"\",\"IsRequired\":false,\"AllowEdit\":true,\"AllowCreate\":true,\"Required\":\"N\",\"Options\":[]},{\"Id\":\"00000000-0000-0000-0000-000000000000\",\"TypeString\":\"Edm.String\",\"Number\":16,\"TechnicalName\":\"generalProdPostingGroup\",\"TechnicalValue\":\"\",\"Name\":\"generalProdPostingGroup\",\"ColumnType\":{\"ItemText\":\"Source Column\",\"ItemValue\":\"DataSourceColumn\"},\"RequiredOrder\":false,\"ColumnSetting\":{\"Id\":\"00000000-0000-0000-0000-000000000000\",\"Column\":null,\"Grouped\":false,\"AggregateFunction\":null,\"Sequence\":0,\"IncludeInScripting\":false,\"ColumnName\":\"\",\"ColumnTypeName\":\"\"},\"ColumnSettingColumnName\":\"\",\"ColumnSettingColumnType\":{\"ItemText\":\"Source Column\",\"ItemValue\":\"DataSourceColumn\"},\"Error\":\"\",\"IsRequired\":false,\"AllowEdit\":true,\"AllowCreate\":true,\"Required\":\"N\",\"Options\":[]},{\"Id\":\"a780fb2b-1ee0-49be-9963-b038008ff120\",\"TypeString\":\"Edm.String\",\"Number\":9,\"TechnicalName\":\"itemNumber\",\"TechnicalValue\":\"\",\"Name\":\"itemNumber\",\"ColumnType\":{\"ItemText\":\"OData Field Lookup\",\"ItemValue\":\"MsNavOdataFieldLookup\"},\"RequiredOrder\":false,\"ColumnSetting\":{\"Id\":\"8fffe1a0-9744-49f7-a362-b038008ff125\",\"Column\":{\"Id\":\"3385043a-b767-4f0d-904a-b038008fea8e\",\"Name\":\"LKUP_ITEM\",\"TypeDisplayName\":\"OData Field Lookup\",\"MapId\":\"INV_ADJ_01_CW_BC\",\"Sequence\":103,\"ErrorInfo\":\"\"},\"Grouped\":false,\"AggregateFunction\":{\"ItemText\":\"First\",\"ItemValue\":\"4\"},\"Sequence\":103,\"IncludeInScripting\":false,\"ColumnName\":\"LKUP_ITEM\",\"ColumnTypeName\":\"OData Field Lookup\"},\"ColumnSettingColumnName\":\"LKUP_ITEM\",\"ColumnSettingColumnType\":{\"ItemText\":\"OData Field Lookup\",\"ItemValue\":\"MsNavOdataFieldLookup\"},\"Error\":\"\",\"IsRequired\":false,\"AllowEdit\":true,\"AllowCreate\":true,\"Required\":\"N\",\"Options\":[]},{\"Id\":\"6cbf7c64-c59a-4154-8a70-b038008ff12a\",\"TypeString\":\"Edm.String\",\"Number\":2,\"TechnicalName\":\"journalBatchName\",\"TechnicalValue\":\"\",\"Name\":\"journalBatchName\",\"ColumnType\":{\"ItemText\":\"Local Constant\",\"ItemValue\":\"LocalConstantColumn\"},\"RequiredOrder\":false,\"ColumnSetting\":{\"Id\":\"9ca62ded-6653-44b0-b634-b038008ff12a\",\"Column\":{\"Id\":\"af5380ce-c83c-492e-bace-b038008fea89\",\"Name\":\"LOCAL_BATCH\",\"TypeDisplayName\":\"Local Constant\",\"MapId\":\"INV_ADJ_01_CW_BC\",\"Sequence\":100,\"ErrorInfo\":\"\"},\"Grouped\":false,\"AggregateFunction\":{\"ItemText\":\"First\",\"ItemValue\":\"4\"},\"Sequence\":100,\"IncludeInScripting\":false,\"ColumnName\":\"LOCAL_BATCH\",\"ColumnTypeName\":\"Local Constant\"},\"ColumnSettingColumnName\":\"LOCAL_BATCH\",\"ColumnSettingColumnType\":{\"ItemText\":\"Local Constant\",\"ItemValue\":\"LocalConstantColumn\"},\"Error\":\"\",\"IsRequired\":false,\"AllowEdit\":true,\"AllowCreate\":true,\"Required\":\"N\",\"Options\":[]},{\"Id\":\"9268d0bc-7e5b-4b63-9f8f-b038008ff12a\",\"TypeString\":\"Edm.String\",\"Number\":1,\"TechnicalName\":\"journalTemplateName\",\"TechnicalValue\":\"\",\"Name\":\"journalTemplateName\",\"ColumnType\":{\"ItemText\":\"Local Constant\",\"ItemValue\":\"LocalConstantColumn\"},\"RequiredOrder\":false,\"ColumnSetting\":{\"Id\":\"e2942f49-a7ed-4258-be28-b038008ff12f\",\"Column\":{\"Id\":\"f6f11a8d-8b3a-440b-b454-b038008fea92\",\"Name\":\"LOCAL_TEMPLATE\",\"TypeDisplayName\":\"Local Constant\",\"MapId\":\"INV_ADJ_01_CW_BC\",\"Sequence\":99,\"ErrorInfo\":\"\"},\"Grouped\":false,\"AggregateFunction\":{\"ItemText\":\"First\",\"ItemValue\":\"4\"},\"Sequence\":99,\"IncludeInScripting\":false,\"ColumnName\":\"LOCAL_TEMPLATE\",\"ColumnTypeName\":\"Local Constant\"},\"ColumnSettingColumnName\":\"LOCAL_TEMPLATE\",\"ColumnSettingColumnType\":{\"ItemText\":\"Local Constant\",\"ItemValue\":\"LocalConstantColumn\"},\"Error\":\"\",\"IsRequired\":false,\"AllowEdit\":true,\"AllowCreate\":true,\"Required\":\"N\",\"Options\":[]},{\"Id\":\"00000000-0000-0000-0000-000000000000\",\"TypeString\":\"Edm.Int32\",\"Number\":3,\"TechnicalName\":\"lineNo\",\"TechnicalValue\":\"\",\"Name\":\"lineNo\",\"ColumnType\":{\"ItemText\":\"Source Column\",\"ItemValue\":\"DataSourceColumn\"},\"RequiredOrder\":false,\"ColumnSetting\":{\"Id\":\"00000000-0000-0000-0000-000000000000\",\"Column\":null,\"Grouped\":false,\"AggregateFunction\":null,\"Sequence\":0,\"IncludeInScripting\":false,\"ColumnName\":\"\",\"ColumnTypeName\":\"\"},\"ColumnSettingColumnName\":\"\",\"ColumnSettingColumnType\":{\"ItemText\":\"Source Column\",\"ItemValue\":\"DataSourceColumn\"},\"Error\":\"\",\"IsRequired\":false,\"AllowEdit\":true,\"AllowCreate\":true,\"Required\":\"N\",\"Options\":[]},{\"Id\":\"a184edb8-1745-4e37-80bb-b03700e90f7f\",\"TypeString\":\"Edm.String\",\"Number\":13,\"TechnicalName\":\"locationCode\",\"TechnicalValue\":\"\",\"Name\":\"locationCode\",\"ColumnType\":{\"ItemText\":\"Source Column\",\"ItemValue\":\"DataSourceColumn\"},\"RequiredOrder\":false,\"ColumnSetting\":{\"Id\":\"bc4e1ccf-a515-4f1c-a99f-b03700e90f83\",\"Column\":{\"Id\":\"72c43ee3-5f73-400e-9ee6-b03700e59f9a\",\"Name\":\"details_warehouse_name\",\"TypeDisplayName\":\"Source Column\",\"MapId\":\"INV_ADJ_01_CW_BC\",\"Sequence\":0,\"ErrorInfo\":\"\"},\"Grouped\":false,\"AggregateFunction\":{\"ItemText\":\"First\",\"ItemValue\":\"4\"},\"Sequence\":0,\"IncludeInScripting\":true,\"ColumnName\":\"details_warehouse_name\",\"ColumnTypeName\":\"Source Column\"},\"ColumnSettingColumnName\":\"details_warehouse_name\",\"ColumnSettingColumnType\":{\"ItemText\":\"Source Column\",\"ItemValue\":\"DataSourceColumn\"},\"Error\":\"\",\"IsRequired\":false,\"AllowEdit\":true,\"AllowCreate\":true,\"Required\":\"N\",\"Options\":[]},{\"Id\":\"49e7db54-1f0e-4d82-8385-b038008ff12f\",\"TypeString\":\"Edm.Date\",\"Number\":5,\"TechnicalName\":\"postingDate\",\"TechnicalValue\":\"\",\"Name\":\"postingDate\",\"ColumnType\":{\"ItemText\":\"Source Column\",\"ItemValue\":\"DataSourceColumn\"},\"RequiredOrder\":false,\"ColumnSetting\":{\"Id\":\"b69331e0-0384-44c2-abb5-b038008ff117\",\"Column\":{\"Id\":\"08c55467-cab2-44e5-bd4a-b03700e59f90\",\"Name\":\"closedDate\",\"TypeDisplayName\":\"Source Column\",\"MapId\":\"INV_ADJ_01_CW_BC\",\"Sequence\":0,\"ErrorInfo\":\"\"},\"Grouped\":false,\"AggregateFunction\":{\"ItemText\":\"First\",\"ItemValue\":\"4\"},\"Sequence\":0,\"IncludeInScripting\":true,\"ColumnName\":\"closedDate\",\"ColumnTypeName\":\"Source Column\"},\"ColumnSettingColumnName\":\"closedDate\",\"ColumnSettingColumnType\":{\"ItemText\":\"Source Column\",\"ItemValue\":\"DataSourceColumn\"},\"Error\":\"\",\"IsRequired\":false,\"AllowEdit\":true,\"AllowCreate\":true,\"Required\":\"N\",\"Options\":[]},{\"Id\":\"00000000-0000-0000-0000-000000000000\",\"TypeString\":\"Edm.String\",\"Number\":9,\"TechnicalName\":\"priceCalculationMethod\",\"TechnicalValue\":\"\",\"Name\":\"priceCalculationMethod\",\"ColumnType\":{\"ItemText\":\"Source Column\",\"ItemValue\":\"DataSourceColumn\"},\"RequiredOrder\":false,\"ColumnSetting\":{\"Id\":\"00000000-0000-0000-0000-000000000000\",\"Column\":null,\"Grouped\":false,\"AggregateFunction\":null,\"Sequence\":0,\"IncludeInScripting\":false,\"ColumnName\":\"\",\"ColumnTypeName\":\"\"},\"ColumnSettingColumnName\":\"\",\"ColumnSettingColumnType\":{\"ItemText\":\"Source Column\",\"ItemValue\":\"DataSourceColumn\"},\"Error\":\"\",\"IsRequired\":false,\"AllowEdit\":true,\"AllowCreate\":true,\"Required\":\"N\",\"Options\":[]},{\"Id\":\"40ca3f06-e843-406a-8a87-b03800931480\",\"TypeString\":\"Edm.Decimal\",\"Number\":18,\"TechnicalName\":\"quantity\",\"TechnicalValue\":\"\",\"Name\":\"quantity\",\"ColumnType\":{\"ItemText\":\"Source Column\",\"ItemValue\":\"DataSourceColumn\"},\"RequiredOrder\":false,\"ColumnSetting\":{\"Id\":\"69623209-5ac1-471d-8167-b03800931480\",\"Column\":{\"Id\":\"8aa0c05d-d78d-4352-8405-b03800930c45\",\"Name\":\"positive_quantityAdjusted\",\"TypeDisplayName\":\"Source Column\",\"MapId\":\"INV_ADJ_01_CW_BC\",\"Sequence\":0,\"ErrorInfo\":\"\"},\"Grouped\":false,\"AggregateFunction\":{\"ItemText\":\"First\",\"ItemValue\":\"4\"},\"Sequence\":0,\"IncludeInScripting\":true,\"ColumnName\":\"positive_quantityAdjusted\",\"ColumnTypeName\":\"Source Column\"},\"ColumnSettingColumnName\":\"positive_quantityAdjusted\",\"ColumnSettingColumnType\":{\"ItemText\":\"Source Column\",\"ItemValue\":\"DataSourceColumn\"},\"Error\":\"\",\"IsRequired\":false,\"AllowEdit\":true,\"AllowCreate\":true,\"Required\":\"N\",\"Options\":[]},{\"Id\":\"00000000-0000-0000-0000-000000000000\",\"TypeString\":\"Edm.String\",\"Number\":14,\"TechnicalName\":\"salespersonCode\",\"TechnicalValue\":\"\",\"Name\":\"salespersonCode\",\"ColumnType\":{\"ItemText\":\"Source Column\",\"ItemValue\":\"DataSourceColumn\"},\"RequiredOrder\":false,\"ColumnSetting\":{\"Id\":\"00000000-0000-0000-0000-000000000000\",\"Column\":null,\"Grouped\":false,\"AggregateFunction\":null,\"Sequence\":0,\"IncludeInScripting\":false,\"ColumnName\":\"\",\"ColumnTypeName\":\"\"},\"ColumnSettingColumnName\":\"\",\"ColumnSettingColumnType\":{\"ItemText\":\"Source Column\",\"ItemValue\":\"DataSourceColumn\"},\"Error\":\"\",\"IsRequired\":false,\"AllowEdit\":true,\"AllowCreate\":true,\"Required\":\"N\",\"Options\":[]},{\"Id\":\"00000000-0000-0000-0000-000000000000\",\"TypeString\":\"Edm.String\",\"Number\":23,\"TechnicalName\":\"shortcutDimCode1\",\"TechnicalValue\":\"\",\"Name\":\"shortcutDimCode1\",\"ColumnType\":{\"ItemText\":\"Source Column\",\"ItemValue\":\"DataSourceColumn\"},\"RequiredOrder\":false,\"ColumnSetting\":{\"Id\":\"00000000-0000-0000-0000-000000000000\",\"Column\":null,\"Grouped\":false,\"AggregateFunction\":null,\"Sequence\":0,\"IncludeInScripting\":false,\"ColumnName\":\"\",\"ColumnTypeName\":\"\"},\"ColumnSettingColumnName\":\"\",\"ColumnSettingColumnType\":{\"ItemText\":\"Source Column\",\"ItemValue\":\"DataSourceColumn\"},\"Error\":\"\",\"IsRequired\":false,\"AllowEdit\":true,\"AllowCreate\":true,\"Required\":\"N\",\"Options\":[]},{\"Id\":\"00000000-0000-0000-0000-000000000000\",\"TypeString\":\"Edm.String\",\"Number\":24,\"TechnicalName\":\"shortcutDimCode2\",\"TechnicalValue\":\"\",\"Name\":\"shortcutDimCode2\",\"ColumnType\":{\"ItemText\":\"Source Column\",\"ItemValue\":\"DataSourceColumn\"},\"RequiredOrder\":false,\"ColumnSetting\":{\"Id\":\"00000000-0000-0000-0000-000000000000\",\"Column\":null,\"Grouped\":false,\"AggregateFunction\":null,\"Sequence\":0,\"IncludeInScripting\":false,\"ColumnName\":\"\",\"ColumnTypeName\":\"\"},\"ColumnSettingColumnName\":\"\",\"ColumnSettingColumnType\":{\"ItemText\":\"Source Column\",\"ItemValue\":\"DataSourceColumn\"},\"Error\":\"\",\"IsRequired\":false,\"AllowEdit\":true,\"AllowCreate\":true,\"Required\":\"N\",\"Options\":[]},{\"Id\":\"00000000-0000-0000-0000-000000000000\",\"TypeString\":\"Edm.String\",\"Number\":25,\"TechnicalName\":\"shortcutDimCode3\",\"TechnicalValue\":\"\",\"Name\":\"shortcutDimCode3\",\"ColumnType\":{\"ItemText\":\"Source Column\",\"ItemValue\":\"DataSourceColumn\"},\"RequiredOrder\":false,\"ColumnSetting\":{\"Id\":\"00000000-0000-0000-0000-000000000000\",\"Column\":null,\"Grouped\":false,\"AggregateFunction\":null,\"Sequence\":0,\"IncludeInScripting\":false,\"ColumnName\":\"\",\"ColumnTypeName\":\"\"},\"ColumnSettingColumnName\":\"\",\"ColumnSettingColumnType\":{\"ItemText\":\"Source Column\",\"ItemValue\":\"DataSourceColumn\"},\"Error\":\"\",\"IsRequired\":false,\"AllowEdit\":true,\"AllowCreate\":true,\"Required\":\"N\",\"Options\":[]},{\"Id\":\"00000000-0000-0000-0000-000000000000\",\"TypeString\":\"Edm.String\",\"Number\":26,\"TechnicalName\":\"shortcutDimCode4\",\"TechnicalValue\":\"\",\"Name\":\"shortcutDimCode4\",\"ColumnType\":{\"ItemText\":\"Source Column\",\"ItemValue\":\"DataSourceColumn\"},\"RequiredOrder\":false,\"ColumnSetting\":{\"Id\":\"00000000-0000-0000-0000-000000000000\",\"Column\":null,\"Grouped\":false,\"AggregateFunction\":null,\"Sequence\":0,\"IncludeInScripting\":false,\"ColumnName\":\"\",\"ColumnTypeName\":\"\"},\"ColumnSettingColumnName\":\"\",\"ColumnSettingColumnType\":{\"ItemText\":\"Source Column\",\"ItemValue\":\"DataSourceColumn\"},\"Error\":\"\",\"IsRequired\":false,\"AllowEdit\":true,\"AllowCreate\":true,\"Required\":\"N\",\"Options\":[]},{\"Id\":\"00000000-0000-0000-0000-000000000000\",\"TypeString\":\"Edm.String\",\"Number\":27,\"TechnicalName\":\"shortcutDimCode5\",\"TechnicalValue\":\"\",\"Name\":\"shortcutDimCode5\",\"ColumnType\":{\"ItemText\":\"Source Column\",\"ItemValue\":\"DataSourceColumn\"},\"RequiredOrder\":false,\"ColumnSetting\":{\"Id\":\"00000000-0000-0000-0000-000000000000\",\"Column\":null,\"Grouped\":false,\"AggregateFunction\":null,\"Sequence\":0,\"IncludeInScripting\":false,\"ColumnName\":\"\",\"ColumnTypeName\":\"\"},\"ColumnSettingColumnName\":\"\",\"ColumnSettingColumnType\":{\"ItemText\":\"Source Column\",\"ItemValue\":\"DataSourceColumn\"},\"Error\":\"\",\"IsRequired\":false,\"AllowEdit\":true,\"AllowCreate\":true,\"Required\":\"N\",\"Options\":[]},{\"Id\":\"00000000-0000-0000-0000-000000000000\",\"TypeString\":\"Edm.String\",\"Number\":28,\"TechnicalName\":\"shortcutDimCode6\",\"TechnicalValue\":\"\",\"Name\":\"shortcutDimCode6\",\"ColumnType\":{\"ItemText\":\"Source Column\",\"ItemValue\":\"DataSourceColumn\"},\"RequiredOrder\":false,\"ColumnSetting\":{\"Id\":\"00000000-0000-0000-0000-000000000000\",\"Column\":null,\"Grouped\":false,\"AggregateFunction\":null,\"Sequence\":0,\"IncludeInScripting\":false,\"ColumnName\":\"\",\"ColumnTypeName\":\"\"},\"ColumnSettingColumnName\":\"\",\"ColumnSettingColumnType\":{\"ItemText\":\"Source Column\",\"ItemValue\":\"DataSourceColumn\"},\"Error\":\"\",\"IsRequired\":false,\"AllowEdit\":true,\"AllowCreate\":true,\"Required\":\"N\",\"Options\":[]},{\"Id\":\"00000000-0000-0000-0000-000000000000\",\"TypeString\":\"Edm.String\",\"Number\":29,\"TechnicalName\":\"shortcutDimCode7\",\"TechnicalValue\":\"\",\"Name\":\"shortcutDimCode7\",\"ColumnType\":{\"ItemText\":\"Source Column\",\"ItemValue\":\"DataSourceColumn\"},\"RequiredOrder\":false,\"ColumnSetting\":{\"Id\":\"00000000-0000-0000-0000-000000000000\",\"Column\":null,\"Grouped\":false,\"AggregateFunction\":null,\"Sequence\":0,\"IncludeInScripting\":false,\"ColumnName\":\"\",\"ColumnTypeName\":\"\"},\"ColumnSettingColumnName\":\"\",\"ColumnSettingColumnType\":{\"ItemText\":\"Source Column\",\"ItemValue\":\"DataSourceColumn\"},\"Error\":\"\",\"IsRequired\":false,\"AllowEdit\":true,\"AllowCreate\":true,\"Required\":\"N\",\"Options\":[]},{\"Id\":\"00000000-0000-0000-0000-000000000000\",\"TypeString\":\"Edm.String\",\"Number\":30,\"TechnicalName\":\"shortcutDimCode8\",\"TechnicalValue\":\"\",\"Name\":\"shortcutDimCode8\",\"ColumnType\":{\"ItemText\":\"Source Column\",\"ItemValue\":\"DataSourceColumn\"},\"RequiredOrder\":false,\"ColumnSetting\":{\"Id\":\"00000000-0000-0000-0000-000000000000\",\"Column\":null,\"Grouped\":false,\"AggregateFunction\":null,\"Sequence\":0,\"IncludeInScripting\":false,\"ColumnName\":\"\",\"ColumnTypeName\":\"\"},\"ColumnSettingColumnName\":\"\",\"ColumnSettingColumnType\":{\"ItemText\":\"Source Column\",\"ItemValue\":\"DataSourceColumn\"},\"Error\":\"\",\"IsRequired\":false,\"AllowEdit\":true,\"AllowCreate\":true,\"Required\":\"N\",\"Options\":[]},{\"Id\":\"00000000-0000-0000-0000-000000000000\",\"TypeString\":\"Edm.Guid\",\"Number\":0,\"TechnicalName\":\"systemId\",\"TechnicalValue\":\"\",\"Name\":\"systemId\",\"ColumnType\":{\"ItemText\":\"Source Column\",\"ItemValue\":\"DataSourceColumn\"},\"RequiredOrder\":false,\"ColumnSetting\":{\"Id\":\"00000000-0000-0000-0000-000000000000\",\"Column\":null,\"Grouped\":false,\"AggregateFunction\":null,\"Sequence\":0,\"IncludeInScripting\":false,\"ColumnName\":\"\",\"ColumnTypeName\":\"\"},\"ColumnSettingColumnName\":\"\",\"ColumnSettingColumnType\":{\"ItemText\":\"Source Column\",\"ItemValue\":\"DataSourceColumn\"},\"Error\":\"\",\"IsRequired\":false,\"AllowEdit\":true,\"AllowCreate\":true,\"Required\":\"N\",\"Options\":[]},{\"Id\":\"00000000-0000-0000-0000-000000000000\",\"TypeString\":\"Edm.Decimal\",\"Number\":19,\"TechnicalName\":\"unitAmount\",\"TechnicalValue\":\"\",\"Name\":\"unitAmount\",\"ColumnType\":{\"ItemText\":\"Source Column\",\"ItemValue\":\"DataSourceColumn\"},\"RequiredOrder\":false,\"ColumnSetting\":{\"Id\":\"00000000-0000-0000-0000-000000000000\",\"Column\":null,\"Grouped\":false,\"AggregateFunction\":null,\"Sequence\":0,\"IncludeInScripting\":false,\"ColumnName\":\"\",\"ColumnTypeName\":\"\"},\"ColumnSettingColumnName\":\"\",\"ColumnSettingColumnType\":{\"ItemText\":\"Source Column\",\"ItemValue\":\"DataSourceColumn\"},\"Error\":\"\",\"IsRequired\":false,\"AllowEdit\":true,\"AllowCreate\":true,\"Required\":\"N\",\"Options\":[]},{\"Id\":\"ed87ddd1-9034-4934-bf24-b038008ff133\",\"TypeString\":\"Edm.Decimal\",\"Number\":22,\"TechnicalName\":\"unitCost\",\"TechnicalValue\":\"\",\"Name\":\"unitCost\",\"ColumnType\":{\"ItemText\":\"Source Column\",\"ItemValue\":\"DataSourceColumn\"},\"RequiredOrder\":false,\"ColumnSetting\":{\"Id\":\"d7416d6e-0f0e-4d7b-9c72-b038008ff133\",\"Column\":{\"Id\":\"c5a40560-9ffd-47f4-9ebf-b03700e59f9a\",\"Name\":\"details_unitCost\",\"TypeDisplayName\":\"Source Column\",\"MapId\":\"INV_ADJ_01_CW_BC\",\"Sequence\":0,\"ErrorInfo\":\"\"},\"Grouped\":false,\"AggregateFunction\":{\"ItemText\":\"First\",\"ItemValue\":\"4\"},\"Sequence\":0,\"IncludeInScripting\":true,\"ColumnName\":\"details_unitCost\",\"ColumnTypeName\":\"Source Column\"},\"ColumnSettingColumnName\":\"details_unitCost\",\"ColumnSettingColumnType\":{\"ItemText\":\"Source Column\",\"ItemValue\":\"DataSourceColumn\"},\"Error\":\"\",\"IsRequired\":false,\"AllowEdit\":true,\"AllowCreate\":true,\"Required\":\"N\",\"Options\":[]},{\"Id\":\"00000000-0000-0000-0000-000000000000\",\"TypeString\":\"Edm.String\",\"Number\":18,\"TechnicalName\":\"unitOfMeasureCode\",\"TechnicalValue\":\"\",\"Name\":\"unitOfMeasureCode\",\"ColumnType\":{\"ItemText\":\"Source Column\",\"ItemValue\":\"DataSourceColumn\"},\"RequiredOrder\":false,\"ColumnSetting\":{\"Id\":\"00000000-0000-0000-0000-000000000000\",\"Column\":null,\"Grouped\":false,\"AggregateFunction\":null,\"Sequence\":0,\"IncludeInScripting\":false,\"ColumnName\":\"\",\"ColumnTypeName\":\"\"},\"ColumnSettingColumnName\":\"\",\"ColumnSettingColumnType\":{\"ItemText\":\"Source Column\",\"ItemValue\":\"DataSourceColumn\"},\"Error\":\"\",\"IsRequired\":false,\"AllowEdit\":true,\"AllowCreate\":true,\"Required\":\"N\",\"Options\":[]},{\"Id\":\"00000000-0000-0000-0000-000000000000\",\"TypeString\":\"Edm.String\",\"Number\":10,\"TechnicalName\":\"variantCode\",\"TechnicalValue\":\"\",\"Name\":\"variantCode\",\"ColumnType\":{\"ItemText\":\"Source Column\",\"ItemValue\":\"DataSourceColumn\"},\"RequiredOrder\":false,\"ColumnSetting\":{\"Id\":\"00000000-0000-0000-0000-000000000000\",\"Column\":null,\"Grouped\":false,\"AggregateFunction\":null,\"Sequence\":0,\"IncludeInScripting\":false,\"ColumnName\":\"\",\"ColumnTypeName\":\"\"},\"ColumnSettingColumnName\":\"\",\"ColumnSettingColumnType\":{\"ItemText\":\"Source Column\",\"ItemValue\":\"DataSourceColumn\"},\"Error\":\"\",\"IsRequired\":false,\"AllowEdit\":true,\"AllowCreate\":true,\"Required\":\"N\",\"Options\":[]}],\"ParentColumns\":null,\"ModelErrors\":null,\"IsChild\":false,\"IsParent\":false,\"Level\":0,\"LevelDescription\":\"ItemJournal\",\"ParentDescription\":null,\"ParentTechnicalName\":null,\"ParentTechnicalValue\":null,\"SaveSendResult\":false,\"SendResultFields\":[]}],\"AdditionalColumns\":[{\"AdditionalColumnId\":\"af5380ce-c83c-492e-bace-b038008fea89\",\"AdditionalColumnName\":\"LOCAL_BATCH\",\"AdditionalColumnType\":\"Local Constant\",\"AdditionalColumnTypeValue\":\"LocalConstantColumn\",\"AdditionalColumnModel\":\"{\\\"ReturnValue\\\":\\\"ADJUSTMENT\\\"}\",\"Sequence\":100,\"IncludeInScripting\":false},{\"AdditionalColumnId\":\"3385043a-b767-4f0d-904a-b038008fea8e\",\"AdditionalColumnName\":\"LKUP_ITEM\",\"AdditionalColumnType\":\"OData Field Lookup\",\"AdditionalColumnTypeValue\":\"MsNavOdataFieldLookup\",\"AdditionalColumnModel\":\"{\\\"ServiceName\\\":\\\"ItemCreate\\\",\\\"ReturnField\\\":\\\"number\\\",\\\"NoData\\\":\\\"Return failure for current integration line\\\",\\\"DefaultValue\\\":\\\"\\\",\\\"FilterFields\\\":[{\\\"FieldName\\\":{\\\"ItemText\\\":\\\"connectwiseId\\\",\\\"ItemValue\\\":-1},\\\"ColumnName\\\":{\\\"ColumnName\\\":\\\"details_catalogItem_id\\\"},\\\"ColumnType\\\":{\\\"ItemText\\\":\\\"Source Column\\\",\\\"ItemValue\\\":\\\"DataSourceColumn\\\"}}]}\",\"Sequence\":103,\"IncludeInScripting\":false},{\"AdditionalColumnId\":\"e19a4b1d-34b0-4506-94cc-b038008fea8e\",\"AdditionalColumnName\":\"CALC_DOCUMENT_NUMBER\",\"AdditionalColumnType\":\"Calculation\",\"AdditionalColumnTypeValue\":\"CalculationColumn\",\"AdditionalColumnModel\":\"{\\\"ScriptCode\\\":\\\"//truncate long document numbers\\\\nreturn this._identifier.substring(0,20);\\\"}\",\"Sequence\":102,\"IncludeInScripting\":false},{\"AdditionalColumnId\":\"f6f11a8d-8b3a-440b-b454-b038008fea92\",\"AdditionalColumnName\":\"LOCAL_TEMPLATE\",\"AdditionalColumnType\":\"Local Constant\",\"AdditionalColumnTypeValue\":\"LocalConstantColumn\",\"AdditionalColumnModel\":\"{\\\"ReturnValue\\\":\\\"ITEM\\\"}\",\"Sequence\":99,\"IncludeInScripting\":false},{\"AdditionalColumnId\":\"a5acee27-4d99-4019-b435-b06200f2566e\",\"AdditionalColumnName\":\"CALC_INV_ADJ_DESCRIPTION\",\"AdditionalColumnType\":\"Calculation\",\"AdditionalColumnTypeValue\":\"CalculationColumn\",\"AdditionalColumnModel\":\"{\\\"ScriptCode\\\":\\\"//truncate long descriptions\\\\nreturn (this._type_identifier + \\\\\\\"-\\\\\\\" + this._details_catalogItem_identifier).substring(0,99);\\\"}\",\"Sequence\":101,\"IncludeInScripting\":false}],\"AdditionalColumnsTypeList\":[{\"ItemText\":\"Calculation\",\"ItemValue\":\"CalculationColumn\"},{\"ItemText\":\"Custom Rolling Column\",\"ItemValue\":\"CustomRollingColumn\"},{\"ItemText\":\"Date Calculation\",\"ItemValue\":\"DateColumn\"},{\"ItemText\":\"Global Rolling Column\",\"ItemValue\":\"GlobalRollingColumn\"},{\"ItemText\":\"Local Constant\",\"ItemValue\":\"LocalConstantColumn\"},{\"ItemText\":\"MSSQL Lookup\",\"ItemValue\":\"MssqlLookupColumn\"},{\"ItemText\":\"OData Api Lookup\",\"ItemValue\":\"MsNavOdataApiLookupColumn\"},{\"ItemText\":\"OData Field Lookup\",\"ItemValue\":\"MsNavOdataFieldLookup\"},{\"ItemText\":\"Translation\",\"ItemValue\":\"TranslationColumn\"}],\"AggregateFunctionsList\":[{\"ItemText\":\"Concat\",\"ItemValue\":\"6\"},{\"ItemText\":\"First\",\"ItemValue\":\"4\"},{\"ItemText\":\"Last\",\"ItemValue\":\"5\"},{\"ItemText\":\"Max\",\"ItemValue\":\"3\"},{\"ItemText\":\"Min\",\"ItemValue\":\"2\"},{\"ItemText\":\"Sum\",\"ItemValue\":\"1\"}],\"ColumnTypesList\":[{\"ItemText\":\"Calculation\",\"ItemValue\":\"CalculationColumn\"},{\"ItemText\":\"Custom Rolling Column\",\"ItemValue\":\"CustomRollingColumn\"},{\"ItemText\":\"Date Calculation\",\"ItemValue\":\"DateColumn\"},{\"ItemText\":\"Global Rolling Column\",\"ItemValue\":\"GlobalRollingColumn\"},{\"ItemText\":\"List Option\",\"ItemValue\":\"ListColumn\"},{\"ItemText\":\"Local Constant\",\"ItemValue\":\"LocalConstantColumn\"},{\"ItemText\":\"OData Field Lookup\",\"ItemValue\":\"MsNavOdataFieldLookup\"},{\"ItemText\":\"Parent Source Column\",\"ItemValue\":\"ParentDataSourceColumn\"},{\"ItemText\":\"Source Column\",\"ItemValue\":\"DataSourceColumn\"},{\"ItemText\":\"Translation\",\"ItemValue\":\"TranslationColumn\"}],\"KeyFieldsList\":[{\"ItemText\":\"closedBy\",\"ItemValue\":\"closedBy\",\"IsDefault\":false},{\"ItemText\":\"closedDate\",\"ItemValue\":\"closedDate\",\"IsDefault\":false},{\"ItemText\":\"closedFlag\",\"ItemValue\":\"closedFlag\",\"IsDefault\":false},{\"ItemText\":\"connectwise_id\",\"ItemValue\":\"connectwise_id\",\"IsDefault\":false},{\"ItemText\":\"details_catalogItem_id\",\"ItemValue\":\"details_catalogItem_id\",\"IsDefault\":false},{\"ItemText\":\"details_catalogItem_identifier\",\"ItemValue\":\"details_catalogItem_identifier\",\"IsDefault\":false},{\"ItemText\":\"details_description\",\"ItemValue\":\"details_description\",\"IsDefault\":false},{\"ItemText\":\"details_lastUpdated\",\"ItemValue\":\"details_lastUpdated\",\"IsDefault\":false},{\"ItemText\":\"details_quantityAdjusted\",\"ItemValue\":\"details_quantityAdjusted\",\"IsDefault\":false},{\"ItemText\":\"details_quantityOnHand\",\"ItemValue\":\"details_quantityOnHand\",\"IsDefault\":false},{\"ItemText\":\"details_unitCost\",\"ItemValue\":\"details_unitCost\",\"IsDefault\":false},{\"ItemText\":\"details_updatedBy\",\"ItemValue\":\"details_updatedBy\",\"IsDefault\":false},{\"ItemText\":\"details_warehouse_id\",\"ItemValue\":\"details_warehouse_id\",\"IsDefault\":false},{\"ItemText\":\"details_warehouse_lockedFlag\",\"ItemValue\":\"details_warehouse_lockedFlag\",\"IsDefault\":false},{\"ItemText\":\"details_warehouse_name\",\"ItemValue\":\"details_warehouse_name\",\"IsDefault\":false},{\"ItemText\":\"details_warehouseBin_id\",\"ItemValue\":\"details_warehouseBin_id\",\"IsDefault\":false},{\"ItemText\":\"details_warehouseBin_name\",\"ItemValue\":\"details_warehouseBin_name\",\"IsDefault\":false},{\"ItemText\":\"entry_type\",\"ItemValue\":\"entry_type\",\"IsDefault\":false},{\"ItemText\":\"id\",\"ItemValue\":\"id\",\"IsDefault\":false},{\"ItemText\":\"identifier\",\"ItemValue\":\"identifier\",\"IsDefault\":false},{\"ItemText\":\"positive_quantityAdjusted\",\"ItemValue\":\"positive_quantityAdjusted\",\"IsDefault\":false},{\"ItemText\":\"type_identifier\",\"ItemValue\":\"type_identifier\",\"IsDefault\":false},{\"ItemText\":\"typeid\",\"ItemValue\":\"typeid\",\"IsDefault\":false}],\"Tasks\":[{\"mapTaskId\":\"b1da5692-a92e-4d43-a57c-b06200e8d5f1\",\"mapTaskName\":\"STORE_SUCCESS_VARIABLES\",\"mapTaskType\":\"Run Script\",\"mapTaskStage\":3,\"mapTaskStageName\":\"Document Post Success Tasks\",\"mapTaskSequence\":4,\"mapTaskOnFailure\":1,\"mapTaskOnSuccess\":1,\"mapTaskModel\":\"{\\\"TaskType\\\":3,\\\"TaskName\\\":\\\"STORE_SUCCESS_VARIABLES\\\",\\\"Sequence\\\":4,\\\"OnFailure\\\":1,\\\"OnSuccess\\\":1,\\\"Success\\\":false,\\\"UsesSourceFields\\\":true,\\\"Code\\\":\\\"//Save a list of Ids for posting integration\\\\nthis.GBL_CW_ADJUSTMENT_IDS += this._id + \\\\\\\"-adjustment,\\\\\\\"\\\\nreturn true;\\\"}\",\"mapTaskEnabled\":true},{\"mapTaskId\":\"06fd4896-9d65-4587-b842-b06200e8d5f1\",\"mapTaskName\":\"SUCCESS_WRITEBACK_PROCESSED\",\"mapTaskType\":\"Run Integration\",\"mapTaskStage\":5,\"mapTaskStageName\":\"Integration Post Success Tasks\",\"mapTaskSequence\":6,\"mapTaskOnFailure\":1,\"mapTaskOnSuccess\":1,\"mapTaskModel\":\"{\\\"RunMapID\\\":\\\"370bc3e9-593b-420e-90aa-b06200e7489d\\\",\\\"UseDataSourceFromParent\\\":false,\\\"UseGlobalsFromParent\\\":true,\\\"ShowInNewProcessTab\\\":true}\",\"mapTaskEnabled\":true},{\"mapTaskId\":\"8a3bfd2d-a0c5-4b9d-809d-b06200f25af6\",\"mapTaskName\":\"FAILURE_WRITEBACK_PROCESSED\",\"mapTaskType\":\"Run Integration\",\"mapTaskStage\":6,\"mapTaskStageName\":\"Integration Post Failure Tasks\",\"mapTaskSequence\":7,\"mapTaskOnFailure\":1,\"mapTaskOnSuccess\":1,\"mapTaskModel\":\"{\\\"RunMapID\\\":\\\"370bc3e9-593b-420e-90aa-b06200e7489d\\\",\\\"UseDataSourceFromParent\\\":false,\\\"UseGlobalsFromParent\\\":true,\\\"ShowInNewProcessTab\\\":true}\",\"mapTaskEnabled\":true},{\"mapTaskId\":\"369165fd-114f-42b8-9dde-b03700e5be07\",\"mapTaskName\":\"INIT_VARIABLES\",\"mapTaskType\":\"Run Script\",\"mapTaskStage\":1,\"mapTaskStageName\":\"Integration Pre Tasks\",\"mapTaskSequence\":1,\"mapTaskOnFailure\":1,\"mapTaskOnSuccess\":1,\"mapTaskModel\":\"{\\\"TaskType\\\":1,\\\"TaskName\\\":\\\"INIT_VARIABLES\\\",\\\"Sequence\\\":1,\\\"OnFailure\\\":1,\\\"OnSuccess\\\":1,\\\"Success\\\":false,\\\"UsesSourceFields\\\":false,\\\"Code\\\":\\\"//initialize variables for processing\\\\nthis.GBL_CW_ID = \\\\\\\"\\\\\\\";\\\\nthis.GBL_CW_ADJUSTMENT_IDS = \\\\\\\"\\\\\\\";\\\\n//Calculate the Batch Id \\u0027must be unique\\u0027\\\\nnd = new Date();\\\\nthis.GBL_CW_BATCH = \\\\\\\"SC-ADJUSTMENT-\\\\\\\" + nd.toISOString().slice(0, 19);\\\\n//set staging date for source filter\\\\nthis.GBL_CW_STAGING_DATE = nd.toISOString();\\\\nreturn true;\\\"}\",\"mapTaskEnabled\":true},{\"mapTaskId\":\"d0cd08e9-4bc3-4269-be20-b038009efaaf\",\"mapTaskName\":\"FAILURE_SET_NEXT_RUN_DATE_TIME\",\"mapTaskType\":\"Run Script\",\"mapTaskStage\":6,\"mapTaskStageName\":\"Integration Post Failure Tasks\",\"mapTaskSequence\":101,\"mapTaskOnFailure\":1,\"mapTaskOnSuccess\":1,\"mapTaskModel\":\"{\\\"TaskType\\\":6,\\\"TaskName\\\":\\\"FAILURE_SET_NEXT_RUN_DATE_TIME\\\",\\\"Sequence\\\":101,\\\"OnFailure\\\":1,\\\"OnSuccess\\\":1,\\\"Success\\\":false,\\\"UsesSourceFields\\\":false,\\\"Code\\\":\\\"//Set date filter for next run\\\\nvar nd = new Date(this.GBL_CW_STAGING_DATE);\\\\n// format DateTime - ISO 8601 - yyyy-MM-ddThh:mm:ss:miZ\\\\nthis.GBL_CW_DATE = nd.toISOString();\\\\nreturn true;\\\"}\",\"mapTaskEnabled\":true},{\"mapTaskId\":\"d8123688-4039-4943-b50b-b038009efb3c\",\"mapTaskName\":\"SUCCESS_SET_NEXT_RUN_DATE_TIME\",\"mapTaskType\":\"Run Script\",\"mapTaskStage\":5,\"mapTaskStageName\":\"Integration Post Success Tasks\",\"mapTaskSequence\":100,\"mapTaskOnFailure\":1,\"mapTaskOnSuccess\":1,\"mapTaskModel\":\"{\\\"TaskType\\\":5,\\\"TaskName\\\":\\\"SUCCESS_SET_NEXT_RUN_DATE_TIME\\\",\\\"Sequence\\\":100,\\\"OnFailure\\\":1,\\\"OnSuccess\\\":1,\\\"Success\\\":false,\\\"UsesSourceFields\\\":false,\\\"Code\\\":\\\"//Set date filter for next run\\\\nvar nd = new Date(this.GBL_CW_STAGING_DATE);\\\\n// format DateTime - ISO 8601 - yyyy-MM-ddThh:mm:ss:miZ\\\\nthis.GBL_CW_DATE = nd.toISOString();\\\\nreturn true;\\\"}\",\"mapTaskEnabled\":true}],\"MapOptions\":{\"NoDataOption\":\"success\",\"NoDataRunTasksOption\":\"RunNone\",\"BlankLineOption\":\"DoNothing\",\"ErrorProcessingFormat\":\"none\",\"EnableProcessErrors\":true,\"EnableSystemEventErrors\":true,\"ProcessErrorsLimit\":10,\"LogEnabled\":false,\"LogErrors\":false,\"LogXml\":false,\"LogSuccess\":false,\"LogDebugDocDetails\":false,\"LogDebugDocTasks\":false,\"LogDebugMapDetails\":false,\"LogDebugMapTasks\":false,\"ValidateDataTypes\":false,\"LogDebugDocItems\":false,\"LogDebugSchedule\":false,\"Owner\":\"ethan.sorenson@eonesolutions.com\",\"CreatedUser\":\"ethan.sorenson@eonesolutions.com\",\"IntegrationGroupId\":\"85e54141-aa7f-4cbe-8ae6-b00000a9a293\",\"IntegrationGroupName\":\"ConnectWise\",\"AllowAnyRun\":false,\"ScriptLanguage\":\"JavaScript\",\"ReturnSuccessIfNoData\":true,\"ConcatenationSeparator\":\"|\",\"FileOutputLimit\":10},\"Variables\":[{\"Id\":\"591d429d-fd8d-41a2-98fa-b038009efc39\",\"GlobalVariable\":{\"Id\":\"51abfe14-7f85-4b8b-b4b1-ac630090e0db\",\"Name\":\"GBL_CW_DATE\",\"Value\":\"2021-06-01T15:25:41Z\",\"IsSecure\":false,\"IsSystem\":false},\"Value\":\"2023-08-18T14:15:53.872Z\",\"PersistValue\":true,\"SelectAtRuntime\":false,\"RuntimeValueType\":0,\"RuntimePrompt\":null,\"PersistValueOnErrorRun\":false,\"RequireValue\":true},{\"Id\":\"52534463-0fc0-4ac0-9335-b06200e8edab\",\"GlobalVariable\":{\"Id\":\"cfd11c35-22a8-4bff-b699-ac7000de9cc5\",\"Name\":\"GBL_CW_ID\",\"Value\":\"\",\"IsSecure\":false,\"IsSystem\":false},\"Value\":\"\",\"PersistValue\":false,\"SelectAtRuntime\":false,\"RuntimeValueType\":0,\"RuntimePrompt\":null,\"PersistValueOnErrorRun\":false,\"RequireValue\":false},{\"Id\":\"5bba8136-76ef-4fe6-9717-b038009efc3e\",\"GlobalVariable\":{\"Id\":\"b93978c2-9e32-40f5-b8d4-aced0103f4f6\",\"Name\":\"GBL_CW_STAGING_DATE\",\"Value\":\"2005-09-13T15:25:41Z\",\"IsSecure\":false,\"IsSystem\":false},\"Value\":\"2005-09-13T15:25:41Z\",\"PersistValue\":false,\"SelectAtRuntime\":false,\"RuntimeValueType\":0,\"RuntimePrompt\":null,\"PersistValueOnErrorRun\":false,\"RequireValue\":true},{\"Id\":\"b35e6967-e7d6-4524-bc8f-b06200e8edab\",\"GlobalVariable\":{\"Id\":\"45e36088-8029-4e67-a31b-afa500b8f232\",\"Name\":\"GBL_CW_BATCH\",\"Value\":\"batch1\",\"IsSecure\":false,\"IsSystem\":false},\"Value\":\"batch1\",\"PersistValue\":false,\"SelectAtRuntime\":false,\"RuntimeValueType\":0,\"RuntimePrompt\":null,\"PersistValueOnErrorRun\":false,\"RequireValue\":false},{\"Id\":\"19a87184-93d8-4ac7-a582-b03800a0c400\",\"GlobalVariable\":{\"Id\":\"e2753bc1-cb82-4cab-826a-afe5012deab0\",\"Name\":\"GBL_CW_UNPOSTED_IDS\",\"Value\":\"\",\"IsSecure\":false,\"IsSystem\":false},\"Value\":\"\",\"PersistValue\":false,\"SelectAtRuntime\":false,\"RuntimeValueType\":0,\"RuntimePrompt\":null,\"PersistValueOnErrorRun\":false,\"RequireValue\":true},{\"Id\":\"10db8285-7a39-484a-872d-b06200e99a23\",\"GlobalVariable\":{\"Id\":\"7d53c5a1-172f-490f-8bcf-b03100e20007\",\"Name\":\"GBL_CW_ADJUSTMENT_IDS\",\"Value\":\"\",\"IsSecure\":false,\"IsSystem\":false},\"Value\":\"\",\"PersistValue\":false,\"SelectAtRuntime\":false,\"RuntimeValueType\":0,\"RuntimePrompt\":null,\"PersistValueOnErrorRun\":false,\"RequireValue\":false}],\"LoadErrors\":\"\",\"Notes\":[],\"Tenants\":[{\"Name\":\"CRONUS USA, Inc.\",\"ServerName\":\"NAV OData\",\"TechnicalName\":\"CRONUS USA, Inc.\",\"IsUserAdded\":false,\"Selected\":true,\"ConnectionInstanceId\":\"01bd75e4-d577-4978-b4c7-b00700ef9ac3\",\"ConnectionInstanceName\":\"Ethan US Sandbox\"},{\"Name\":\"My Company\",\"ServerName\":\"NAV OData\",\"TechnicalName\":\"My Company\",\"IsUserAdded\":false,\"Selected\":false,\"ConnectionInstanceId\":\"01bd75e4-d577-4978-b4c7-b00700ef9ac3\",\"ConnectionInstanceName\":\"Ethan US Sandbox\"}],\"TenantScript\":\"return \\u0027\\u0027;\"}","SourceType":"eOne.SmartConnect.Connectors.GenericRest.GenericRestDataSource","SourceTypeName":"Generic REST Data Source","TargetType":"eOne.SmartConnect.Connectors.NAV.Odata.MsNavOdataDestination","TargetTypeName":"Dynamics 365 Business Central OData","DataSource":"{\"entityId\":\"9ff8cbc4-9274-4353-a086-b036010ff194\",\"EntityName\":\"01 Incremental Adjustment Detail\",\"GroupName\":\"Inventory\",\"providerData\":\"ConnectWise 1.0.0.1\",\"fields\":[{\"name\":\"closedBy\",\"type\":\"String\",\"path\":\"closedBy\",\"selected\":true,\"isCalc\":false,\"enumItems\":[]},{\"name\":\"closedDate\",\"type\":\"Date\",\"path\":\"closedDate\",\"selected\":true,\"isCalc\":false,\"enumItems\":[]},{\"name\":\"closedFlag\",\"type\":\"Boolean\",\"path\":\"closedFlag\",\"selected\":true,\"isCalc\":false,\"enumItems\":[]},{\"name\":\"connectwise_id\",\"type\":\"Integer\",\"path\":\"adjustmentDetails.id\",\"selected\":true,\"isCalc\":false,\"enumItems\":[]},{\"name\":\"details_catalogItem_id\",\"type\":\"Integer\",\"path\":\"adjustmentDetails.catalogItem.id\",\"selected\":true,\"isCalc\":false,\"enumItems\":[]},{\"name\":\"details_catalogItem_identifier\",\"type\":\"String\",\"path\":\"adjustmentDetails.catalogItem.identifier\",\"selected\":true,\"isCalc\":false,\"enumItems\":[]},{\"name\":\"details_description\",\"type\":\"String\",\"path\":\"adjustmentDetails.description\",\"selected\":true,\"isCalc\":false,\"enumItems\":[]},{\"name\":\"details_lastUpdated\",\"type\":\"Date\",\"path\":\"adjustmentDetails._info.lastUpdated\",\"selected\":true,\"isCalc\":false,\"enumItems\":[]},{\"name\":\"details_quantityAdjusted\",\"type\":\"Quantity\",\"path\":\"adjustmentDetails.quantityAdjusted\",\"selected\":true,\"isCalc\":false,\"enumItems\":[]},{\"name\":\"details_quantityOnHand\",\"type\":\"Quantity\",\"path\":\"adjustmentDetails.quantityOnHand\",\"selected\":true,\"isCalc\":false,\"enumItems\":[]},{\"name\":\"details_unitCost\",\"type\":\"Float\",\"path\":\"adjustmentDetails.unitCost\",\"selected\":true,\"isCalc\":false,\"enumItems\":[]},{\"name\":\"details_updatedBy\",\"type\":\"String\",\"path\":\"adjustmentDetails._info.updatedBy\",\"selected\":true,\"isCalc\":false,\"enumItems\":[]},{\"name\":\"details_warehouse_id\",\"type\":\"Integer\",\"path\":\"adjustmentDetails.warehouse.id\",\"selected\":true,\"isCalc\":false,\"enumItems\":[]},{\"name\":\"details_warehouse_lockedFlag\",\"type\":\"Boolean\",\"path\":\"adjustmentDetails.warehouse.lockedFlag\",\"selected\":true,\"isCalc\":false,\"enumItems\":[]},{\"name\":\"details_warehouse_name\",\"type\":\"String\",\"path\":\"adjustmentDetails.warehouse.name\",\"selected\":true,\"isCalc\":false,\"enumItems\":[]},{\"name\":\"details_warehouseBin_id\",\"type\":\"Integer\",\"path\":\"adjustmentDetails.warehouseBin.id\",\"selected\":true,\"isCalc\":false,\"enumItems\":[]},{\"name\":\"details_warehouseBin_name\",\"type\":\"String\",\"path\":\"adjustmentDetails.warehouseBin.name\",\"selected\":true,\"isCalc\":false,\"enumItems\":[]},{\"name\":\"entry_type\",\"type\":\"String\",\"path\":\"\",\"selected\":true,\"isCalc\":true,\"enumItems\":[]},{\"name\":\"id\",\"type\":\"Integer\",\"path\":\"id\",\"selected\":true,\"isCalc\":false,\"enumItems\":[]},{\"name\":\"identifier\",\"type\":\"String\",\"path\":\"identifier\",\"selected\":true,\"isCalc\":false,\"enumItems\":[]},{\"name\":\"positive_quantityAdjusted\",\"type\":\"String\",\"path\":\"\",\"selected\":true,\"isCalc\":true,\"enumItems\":[]},{\"name\":\"type id\",\"type\":\"Integer\",\"path\":\"type.id\",\"selected\":true,\"isCalc\":false,\"enumItems\":[]},{\"name\":\"type_identifier\",\"type\":\"String\",\"path\":\"type.identifier\",\"selected\":true,\"isCalc\":false,\"enumItems\":[]}],\"SourceType\":\"eOne.SmartConnect.Connectors.GenericRest.GenericRestDataSource\",\"SourceName\":\"01 Incremental Adjustment Detail\",\"usedPlaceholders\":null,\"headers\":null,\"parameters\":null,\"body\":null,\"FriendlyName\":null,\"Name\":\"ConnectWise 1.0.0.1 Data Source\",\"ViewName\":null,\"LargeImage\":\"___5f365292-c701-4aa6-aa01-afe500eae5eb\",\"TypeName\":null,\"QueryText\":null,\"TrimStrings\":false,\"RegisteredConnectorId\":\"00000000-0000-0000-0000-000000000000\",\"ProviderName\":\"5aacf544-4e72-421c-a2e3-afe300a55e11\",\"ImageUrl\":\"https://app.smartconnect.com/files/getImage?id=5f365292-c701-4aa6-aa01-afe500eae5eb\",\"Id\":\"3d8a6928-31ac-47c9-a45a-b03700a201c4\",\"ConnectionId\":\"f04d9445-eab6-43ed-962a-afe400e1ebe8\",\"Description\":\"01 Incremental Adjustment Detail\",\"FromQueryBuilder\":false,\"FreeTextDatabaseName\":false}","DataSourceConnection":"","Destination":"{\"Services\":[{\"ItemText\":\"ItemJournal\",\"ItemValue\":\"ItemJournal\"}],\"IncludeLinks\":false,\"ToFile\":false,\"Company\":\"CRONUS USA, Inc.\",\"RemoveBlankProperties\":false,\"IgnoreUpdateConflicts\":false,\"DisableParallelSend\":true,\"CurrentInstance\":{\"ServiceUrl\":\"https://api.businesscentral.dynamics.com/v2.0/ee065533-ca31-465c-9697-723086c8e4c7/US/ODataV4\",\"UserName\":\"\",\"Password\":\"\",\"DefaultCompany\":\"CRONUS USA, Inc.\",\"AllowLongTimeout\":false,\"TimeoutMinutes\":5,\"RetryFailedRequests\":true,\"RetryCount\":10,\"Username\":\"ethan.sorenson@eones.onmicrosoft.com\",\"Companies\":[],\"InstanceType\":\"Dynamics 365 Business Central Odata\",\"Id\":\"01bd75e4-d577-4978-b4c7-b00700ef9ac3\",\"InstanceName\":\"\",\"Description\":\"Ethan US Sandbox\",\"IsDefault\":false,\"IsLocal\":false,\"LocalServerName\":\"00000000-0000-0000-0000-000000000000\",\"ImageUrl\":\"../../content/eone/connectors/dynamics_business_central_100.png\",\"SourceUrl\":\"../../msnav/source\",\"TargetUrl\":\"../../msnav/target\",\"CustomError\":\"\",\"ConnectionLinks\":null},\"DestinationType\":\"MsNavOdataDestination\",\"DestinationTypeFriendlyName\":\"Dynamics 365 Business Central OData\",\"Id\":\"de2a4201-bcd6-4a31-ac19-b06200f25627\",\"Args\":null,\"ImplementsClearFields\":false,\"OrganisationType\":null}","DestinationConnection":"","RequiresFile":false,"RequiredFileHolderId":"00000000-0000-0000-0000-000000000000","RequiredFiles":null,"Metadata":[],"Notes":""}