{"IntegrationId":"PURCHASES_04_CW_BC","IntegrationName":"Post Successfully imported Purchases in ConnectWise","Integration":"{\"Id\":\"ea2072e2-4b4d-4e5b-b6be-b045008d0fa8\",\"Name\":\"PURCHASES_04_CW_BC\",\"Description\":\"Post Successfully imported Purchases in ConnectWise\",\"KeyFields\":[\"exportFlag\"],\"DataSourceType\":\"Rest___5aacf544-4e72-421c-a2e3-afe300a55e11DataSourceAssociation\",\"DataSourceId\":\"ed745cc4-35b9-467a-a324-b045008d0fac\",\"DataSourceDetailUrl\":null,\"DataSourceDisplayName\":null,\"DataSourceJson\":\"{\\\"entityId\\\":\\\"c51f1bd3-9fd4-4381-bb65-afe400e08c15\\\",\\\"EntityName\\\":\\\"03 Post Batch\\\",\\\"GroupName\\\":\\\"Procurement\\\",\\\"providerData\\\":\\\"ConnectWise 1.0.0.1\\\",\\\"fields\\\":[{\\\"name\\\":\\\"exportFlag\\\",\\\"type\\\":\\\"Boolean\\\",\\\"path\\\":\\\"adminFlag\\\",\\\"selected\\\":true,\\\"isCalc\\\":false,\\\"enumItems\\\":[]}],\\\"SourceType\\\":\\\"eOne.SmartConnect.Connectors.GenericRest.GenericRestDataSource\\\",\\\"SourceName\\\":\\\"03 Post Batch\\\",\\\"usedPlaceholders\\\":null,\\\"headers\\\":null,\\\"parameters\\\":null,\\\"body\\\":null,\\\"FriendlyName\\\":null,\\\"Name\\\":\\\"ConnectWise 1.0.0.1 Data Source\\\",\\\"ViewName\\\":null,\\\"LargeImage\\\":\\\"___5f365292-c701-4aa6-aa01-afe500eae5eb\\\",\\\"TypeName\\\":null,\\\"QueryText\\\":null,\\\"TrimStrings\\\":false,\\\"RegisteredConnectorId\\\":\\\"00000000-0000-0000-0000-000000000000\\\",\\\"ProviderName\\\":\\\"5aacf544-4e72-421c-a2e3-afe300a55e11\\\",\\\"ImageUrl\\\":\\\"https://app.smartconnect.com/files/getImage?id=5f365292-c701-4aa6-aa01-afe500eae5eb\\\",\\\"Id\\\":\\\"62c4da52-02fc-47f0-9b48-afe5013c38e9\\\",\\\"ConnectionId\\\":\\\"f04d9445-eab6-43ed-962a-afe400e1ebe8\\\",\\\"Description\\\":\\\"03 Post Batch\\\",\\\"FromQueryBuilder\\\":false,\\\"FreeTextDatabaseName\\\":false}\",\"DestinationType\":\"eOne.SmartConnect.Connectors.GenericRest.GenericRestDestination\",\"DestinationId\":\"71a3ce66-1bab-48fe-a815-b045008d0fac\",\"DestinationDetailUrl\":null,\"DestinationDisplayName\":null,\"DestinationJson\":\"{\\\"connectionId\\\":\\\"f04d9445-eab6-43ed-962a-afe400e1ebe8\\\",\\\"setupId\\\":\\\"5aacf544-4e72-421c-a2e3-afe300a55e11\\\",\\\"actions\\\":[{\\\"id\\\":\\\"58651777-7d1f-4f08-9f3e-afe300a55e4e\\\",\\\"name\\\":\\\"Post Procurement Batch\\\",\\\"entityName\\\":\\\"List Unposted Invoices\\\",\\\"groupName\\\":\\\"Procurement\\\"}],\\\"filePath\\\":null,\\\"toFile\\\":false,\\\"removeUnmapped\\\":false,\\\"providerName\\\":\\\"ConnectWise 1.0.0.1\\\",\\\"CurrentInstance\\\":{\\\"InstanceType\\\":\\\"(REST) ConnectWise 1.0.0.1\\\",\\\"Id\\\":\\\"f04d9445-eab6-43ed-962a-afe400e1ebe8\\\",\\\"InstanceName\\\":\\\"\\\",\\\"Description\\\":\\\"ConnectWise\\\",\\\"IsDefault\\\":false,\\\"IsLocal\\\":false,\\\"LocalServerName\\\":\\\"00000000-0000-0000-0000-000000000000\\\",\\\"ImageUrl\\\":\\\"https://app.smartconnect.com/files/getImage?id=5f365292-c701-4aa6-aa01-afe500eae5eb\\\",\\\"SourceUrl\\\":\\\"\\\",\\\"TargetUrl\\\":\\\"\\\",\\\"CustomError\\\":\\\"\\\",\\\"ConnectionLinks\\\":null},\\\"DestinationType\\\":\\\"GenericRestDestination\\\",\\\"DestinationTypeFriendlyName\\\":\\\"Generic REST Destination\\\",\\\"Id\\\":\\\"71a3ce66-1bab-48fe-a815-b045008d0fac\\\",\\\"Args\\\":null,\\\"ImplementsClearFields\\\":false,\\\"OrganisationType\\\":null}\",\"Lines\":[{\"Id\":\"f2c8282c-e3d1-4ef5-a7b1-b045008d11b5\",\"Description\":\"Post Procurement Batch\",\"MapId\":\"PURCHASES_04_CW_BC\",\"MapDescription\":\"Post Successfully imported Purchases in ConnectWise\",\"TechnicalName\":\"_58651777-7d1f-4f08-9f3e-afe300a55e4e\",\"TechnicalValue\":\"\",\"ForDelete\":false,\"ForDeleteEnabled\":true,\"ForDeleteVisible\":false,\"UpdateIfExists\":false,\"UpdateIfExistsEnabled\":false,\"UpdateIfExistsVisible\":false,\"UpdateBlanks\":false,\"UpdateBlanksEnabled\":false,\"UpdateBlanksVisible\":false,\"Sequence\":1,\"LineNumber\":1,\"Mapped\":true,\"Grouped\":true,\"Restrictions\":\"return true;\",\"Allowed\":false,\"SourceColumns\":[{\"Id\":\"224856fc-7741-439a-b68b-b045008d0fb1\",\"ColumnName\":\"exportFlag\",\"ColumnType\":\"DataSourceColumn\",\"ColumnTypeName\":\"Source Column\",\"Grouped\":true,\"AllowGroupBy\":true,\"AggregateFunction\":{\"ItemText\":\"First\",\"ItemValue\":\"4\"},\"ImageClass\":null,\"Sequence\":0,\"IncludeInScripting\":true}],\"TargetColumns\":[{\"Id\":\"8c35765c-0d62-4a7a-8b98-b045008d11b5\",\"TypeString\":\"String\",\"Number\":1,\"TechnicalName\":\"batchIdentifier\",\"TechnicalValue\":\"\",\"Name\":\"batchIdentifier\",\"ColumnType\":{\"ItemText\":\"Calculation\",\"ItemValue\":\"CalculationColumn\"},\"RequiredOrder\":false,\"ColumnSetting\":{\"Id\":\"1d64d1a1-3104-43c5-ba3f-b045008d11b5\",\"Column\":{\"Id\":\"6ffe1135-907a-48f4-9226-b045008d0fb6\",\"Name\":\"CALC_BATCH_ID\",\"TypeDisplayName\":\"Calculation\",\"MapId\":\"PURCHASES_04_CW_BC\",\"Sequence\":99,\"ErrorInfo\":\"\"},\"Grouped\":false,\"AggregateFunction\":{\"ItemText\":\"First\",\"ItemValue\":\"4\"},\"Sequence\":99,\"IncludeInScripting\":false,\"ColumnName\":\"CALC_BATCH_ID\",\"ColumnTypeName\":\"Calculation\"},\"ColumnSettingColumnName\":\"CALC_BATCH_ID\",\"ColumnSettingColumnType\":{\"ItemText\":\"Calculation\",\"ItemValue\":\"CalculationColumn\"},\"Error\":\"\",\"IsRequired\":false,\"AllowEdit\":true,\"AllowCreate\":true,\"Required\":\"N\",\"Options\":[]},{\"Id\":\"c29cbd23-e07f-4c9f-8141-b045008d11ba\",\"TypeString\":\"Boolean\",\"Number\":3,\"TechnicalName\":\"exportProductsFlag\",\"TechnicalValue\":\"\",\"Name\":\"exportProductsFlag\",\"ColumnType\":{\"ItemText\":\"Source Column\",\"ItemValue\":\"DataSourceColumn\"},\"RequiredOrder\":false,\"ColumnSetting\":{\"Id\":\"ff7f7525-e772-447b-900d-b045008d11bf\",\"Column\":{\"Id\":\"224856fc-7741-439a-b68b-b045008d0fb1\",\"Name\":\"exportFlag\",\"TypeDisplayName\":\"Source Column\",\"MapId\":\"PURCHASES_04_CW_BC\",\"Sequence\":0,\"ErrorInfo\":\"\"},\"Grouped\":true,\"AggregateFunction\":{\"ItemText\":\"First\",\"ItemValue\":\"4\"},\"Sequence\":0,\"IncludeInScripting\":true,\"ColumnName\":\"exportFlag\",\"ColumnTypeName\":\"Source Column\"},\"ColumnSettingColumnName\":\"exportFlag\",\"ColumnSettingColumnType\":{\"ItemText\":\"Source Column\",\"ItemValue\":\"DataSourceColumn\"},\"Error\":\"\",\"IsRequired\":false,\"AllowEdit\":true,\"AllowCreate\":true,\"Required\":\"N\",\"Options\":[]},{\"Id\":\"5ca96476-5146-4fac-a10f-b045008d11bf\",\"TypeString\":\"String\",\"Number\":2,\"TechnicalName\":\"glInterfaceIdentifier\",\"TechnicalValue\":\"\",\"Name\":\"glInterfaceIdentifier\",\"ColumnType\":{\"ItemText\":\"Calculation\",\"ItemValue\":\"CalculationColumn\"},\"RequiredOrder\":false,\"ColumnSetting\":{\"Id\":\"1d64d1a1-3104-43c5-ba3f-b045008d11b5\",\"Column\":{\"Id\":\"6ffe1135-907a-48f4-9226-b045008d0fb6\",\"Name\":\"CALC_BATCH_ID\",\"TypeDisplayName\":\"Calculation\",\"MapId\":\"PURCHASES_04_CW_BC\",\"Sequence\":99,\"ErrorInfo\":\"\"},\"Grouped\":false,\"AggregateFunction\":{\"ItemText\":\"First\",\"ItemValue\":\"4\"},\"Sequence\":99,\"IncludeInScripting\":false,\"ColumnName\":\"CALC_BATCH_ID\",\"ColumnTypeName\":\"Calculation\"},\"ColumnSettingColumnName\":\"CALC_BATCH_ID\",\"ColumnSettingColumnType\":{\"ItemText\":\"Calculation\",\"ItemValue\":\"CalculationColumn\"},\"Error\":\"\",\"IsRequired\":false,\"AllowEdit\":true,\"AllowCreate\":true,\"Required\":\"N\",\"Options\":[]},{\"Id\":\"fed2d063-36e4-4c62-81a8-b045008d11c3\",\"TypeString\":\"Enum\",\"Number\":4,\"TechnicalName\":\"processedRecordIds\",\"TechnicalValue\":\"\",\"Name\":\"processedRecordIds\",\"ColumnType\":{\"ItemText\":\"Calculation\",\"ItemValue\":\"CalculationColumn\"},\"RequiredOrder\":false,\"ColumnSetting\":{\"Id\":\"c0000f41-1f32-44b1-a6ac-b045008d11c3\",\"Column\":{\"Id\":\"2676dfff-ac83-4bd0-ac16-b045008d0fb6\",\"Name\":\"CALC_RECORD_IDS\",\"TypeDisplayName\":\"Calculation\",\"MapId\":\"PURCHASES_04_CW_BC\",\"Sequence\":100,\"ErrorInfo\":\"\"},\"Grouped\":false,\"AggregateFunction\":{\"ItemText\":\"First\",\"ItemValue\":\"4\"},\"Sequence\":100,\"IncludeInScripting\":false,\"ColumnName\":\"CALC_RECORD_IDS\",\"ColumnTypeName\":\"Calculation\"},\"ColumnSettingColumnName\":\"CALC_RECORD_IDS\",\"ColumnSettingColumnType\":{\"ItemText\":\"Calculation\",\"ItemValue\":\"CalculationColumn\"},\"Error\":\"\",\"IsRequired\":false,\"AllowEdit\":true,\"AllowCreate\":true,\"Required\":\"N\",\"Options\":[]}],\"ParentColumns\":null,\"ModelErrors\":null,\"IsChild\":false,\"IsParent\":false,\"Level\":0,\"LevelDescription\":\"Post Procurement Batch\",\"ParentDescription\":null,\"ParentTechnicalName\":null,\"ParentTechnicalValue\":null,\"SaveSendResult\":false,\"SendResultFields\":[]}],\"AdditionalColumns\":[{\"AdditionalColumnId\":\"6ffe1135-907a-48f4-9226-b045008d0fb6\",\"AdditionalColumnName\":\"CALC_BATCH_ID\",\"AdditionalColumnType\":\"Calculation\",\"AdditionalColumnTypeValue\":\"CalculationColumn\",\"AdditionalColumnModel\":\"{\\\"ScriptCode\\\":\\\"//return batch name calculated in map 01\\\\nreturn this.GBL_CW_BATCH;\\\"}\",\"Sequence\":99,\"IncludeInScripting\":false},{\"AdditionalColumnId\":\"2676dfff-ac83-4bd0-ac16-b045008d0fb6\",\"AdditionalColumnName\":\"CALC_RECORD_IDS\",\"AdditionalColumnType\":\"Calculation\",\"AdditionalColumnTypeValue\":\"CalculationColumn\",\"AdditionalColumnModel\":\"{\\\"ScriptCode\\\":\\\"//return successful id list from maps 02 \\u0026 03\\\\nreturn this.GBL_CW_ALL_IDS;\\\"}\",\"Sequence\":100,\"IncludeInScripting\":false}],\"AdditionalColumnsTypeList\":[{\"ItemText\":\"Calculation\",\"ItemValue\":\"CalculationColumn\"},{\"ItemText\":\"Custom Rolling Column\",\"ItemValue\":\"CustomRollingColumn\"},{\"ItemText\":\"Date Calculation\",\"ItemValue\":\"DateColumn\"},{\"ItemText\":\"Global Rolling Column\",\"ItemValue\":\"GlobalRollingColumn\"},{\"ItemText\":\"Local Constant\",\"ItemValue\":\"LocalConstantColumn\"},{\"ItemText\":\"MSSQL Lookup\",\"ItemValue\":\"MssqlLookupColumn\"},{\"ItemText\":\"REST Lookup\",\"ItemValue\":\"GenericRestLookupColumn\"},{\"ItemText\":\"Translation\",\"ItemValue\":\"TranslationColumn\"}],\"AggregateFunctionsList\":[{\"ItemText\":\"Concat\",\"ItemValue\":\"6\"},{\"ItemText\":\"First\",\"ItemValue\":\"4\"},{\"ItemText\":\"Last\",\"ItemValue\":\"5\"},{\"ItemText\":\"Max\",\"ItemValue\":\"3\"},{\"ItemText\":\"Min\",\"ItemValue\":\"2\"},{\"ItemText\":\"Sum\",\"ItemValue\":\"1\"}],\"ColumnTypesList\":[{\"ItemText\":\"Calculation\",\"ItemValue\":\"CalculationColumn\"},{\"ItemText\":\"Custom Rolling Column\",\"ItemValue\":\"CustomRollingColumn\"},{\"ItemText\":\"Date Calculation\",\"ItemValue\":\"DateColumn\"},{\"ItemText\":\"Global Rolling Column\",\"ItemValue\":\"GlobalRollingColumn\"},{\"ItemText\":\"List Option\",\"ItemValue\":\"ListColumn\"},{\"ItemText\":\"Local Constant\",\"ItemValue\":\"LocalConstantColumn\"},{\"ItemText\":\"Parent Source Column\",\"ItemValue\":\"ParentDataSourceColumn\"},{\"ItemText\":\"REST Lookup\",\"ItemValue\":\"GenericRestLookupColumn\"},{\"ItemText\":\"Source Column\",\"ItemValue\":\"DataSourceColumn\"},{\"ItemText\":\"Translation\",\"ItemValue\":\"TranslationColumn\"}],\"KeyFieldsList\":[{\"ItemText\":\"exportFlag\",\"ItemValue\":\"exportFlag\",\"IsDefault\":false}],\"Tasks\":[],\"MapOptions\":{\"NoDataOption\":\"success\",\"NoDataRunTasksOption\":\"RunAll\",\"BlankLineOption\":\"DoNothing\",\"ErrorProcessingFormat\":\"none\",\"EnableProcessErrors\":true,\"EnableSystemEventErrors\":true,\"ProcessErrorsLimit\":10,\"LogEnabled\":false,\"LogErrors\":false,\"LogXml\":false,\"LogSuccess\":false,\"LogDebugDocDetails\":false,\"LogDebugDocTasks\":false,\"LogDebugMapDetails\":false,\"LogDebugMapTasks\":false,\"ValidateDataTypes\":false,\"LogDebugDocItems\":false,\"LogDebugSchedule\":false,\"Owner\":\"ethan.sorenson@eonesolutions.com\",\"CreatedUser\":\"ethan.sorenson@eonesolutions.com\",\"IntegrationGroupId\":\"85e54141-aa7f-4cbe-8ae6-b00000a9a293\",\"IntegrationGroupName\":\"ConnectWise\",\"AllowAnyRun\":false,\"ScriptLanguage\":\"JavaScript\",\"ReturnSuccessIfNoData\":true,\"ConcatenationSeparator\":\"|\",\"FileOutputLimit\":10},\"Variables\":[{\"Id\":\"2f893c75-5961-4715-b77f-b045008d11cd\",\"GlobalVariable\":{\"Id\":\"f702a97d-179d-42e8-97f3-ad5100a1d744\",\"Name\":\"GBL_CW_ALL_IDS\",\"Value\":\"\",\"IsSecure\":false,\"IsSystem\":false},\"Value\":\"\",\"PersistValue\":false,\"SelectAtRuntime\":false,\"RuntimeValueType\":0,\"RuntimePrompt\":null,\"PersistValueOnErrorRun\":false,\"RequireValue\":true},{\"Id\":\"4c08a056-e923-4d52-bf4e-b045008d11cd\",\"GlobalVariable\":{\"Id\":\"45e36088-8029-4e67-a31b-afa500b8f232\",\"Name\":\"GBL_CW_BATCH\",\"Value\":\"batch1\",\"IsSecure\":false,\"IsSystem\":false},\"Value\":\"batch1\",\"PersistValue\":false,\"SelectAtRuntime\":false,\"RuntimeValueType\":0,\"RuntimePrompt\":null,\"PersistValueOnErrorRun\":false,\"RequireValue\":true},{\"Id\":\"5b782c24-6d43-4b78-b96b-b045008d11d1\",\"GlobalVariable\":{\"Id\":\"e2753bc1-cb82-4cab-826a-afe5012deab0\",\"Name\":\"GBL_CW_UNPOSTED_IDS\",\"Value\":\"\",\"IsSecure\":false,\"IsSystem\":false},\"Value\":\"\",\"PersistValue\":false,\"SelectAtRuntime\":false,\"RuntimeValueType\":0,\"RuntimePrompt\":null,\"PersistValueOnErrorRun\":false,\"RequireValue\":true}],\"LoadErrors\":\"\",\"Notes\":[],\"Tenants\":[{\"Name\":\"GenericRest\",\"ServerName\":\"ConnectWise 1.0.0.1\",\"TechnicalName\":\"ConnectWise\",\"IsUserAdded\":false,\"Selected\":true,\"ConnectionInstanceId\":\"f04d9445-eab6-43ed-962a-afe400e1ebe8\",\"ConnectionInstanceName\":\"ConnectWise\"}],\"TenantScript\":\"return \\u0027\\u0027;\"}","SourceType":"eOne.SmartConnect.Connectors.GenericRest.GenericRestDataSource","SourceTypeName":"Generic REST Data Source","TargetType":"eOne.SmartConnect.Connectors.GenericRest.GenericRestDestination","TargetTypeName":"Generic REST Destination","DataSource":"{\"entityId\":\"c51f1bd3-9fd4-4381-bb65-afe400e08c15\",\"EntityName\":\"03 Post Batch\",\"GroupName\":\"Procurement\",\"providerData\":\"ConnectWise 1.0.0.1\",\"fields\":[{\"name\":\"exportFlag\",\"type\":\"Boolean\",\"path\":\"adminFlag\",\"selected\":true,\"isCalc\":false,\"enumItems\":[]}],\"SourceType\":\"eOne.SmartConnect.Connectors.GenericRest.GenericRestDataSource\",\"SourceName\":\"03 Post Batch\",\"usedPlaceholders\":null,\"headers\":null,\"parameters\":null,\"body\":null,\"FriendlyName\":null,\"Name\":\"ConnectWise 1.0.0.1 Data Source\",\"ViewName\":null,\"LargeImage\":\"___5f365292-c701-4aa6-aa01-afe500eae5eb\",\"TypeName\":null,\"QueryText\":null,\"TrimStrings\":false,\"RegisteredConnectorId\":\"00000000-0000-0000-0000-000000000000\",\"ProviderName\":\"5aacf544-4e72-421c-a2e3-afe300a55e11\",\"ImageUrl\":\"https://app.smartconnect.com/files/getImage?id=5f365292-c701-4aa6-aa01-afe500eae5eb\",\"Id\":\"62c4da52-02fc-47f0-9b48-afe5013c38e9\",\"ConnectionId\":\"f04d9445-eab6-43ed-962a-afe400e1ebe8\",\"Description\":\"03 Post Batch\",\"FromQueryBuilder\":false,\"FreeTextDatabaseName\":false}","DataSourceConnection":"","Destination":"{\"connectionId\":\"f04d9445-eab6-43ed-962a-afe400e1ebe8\",\"setupId\":\"5aacf544-4e72-421c-a2e3-afe300a55e11\",\"actions\":[{\"id\":\"58651777-7d1f-4f08-9f3e-afe300a55e4e\",\"name\":\"Post Procurement Batch\",\"entityName\":\"List Unposted Invoices\",\"groupName\":\"Procurement\"}],\"filePath\":null,\"toFile\":false,\"removeUnmapped\":false,\"providerName\":\"ConnectWise 1.0.0.1\",\"CurrentInstance\":{\"InstanceType\":\"(REST) ConnectWise 1.0.0.1\",\"Id\":\"f04d9445-eab6-43ed-962a-afe400e1ebe8\",\"InstanceName\":\"\",\"Description\":\"ConnectWise\",\"IsDefault\":false,\"IsLocal\":false,\"LocalServerName\":\"00000000-0000-0000-0000-000000000000\",\"ImageUrl\":\"https://app.smartconnect.com/files/getImage?id=5f365292-c701-4aa6-aa01-afe500eae5eb\",\"SourceUrl\":\"\",\"TargetUrl\":\"\",\"CustomError\":\"\",\"ConnectionLinks\":null},\"DestinationType\":\"GenericRestDestination\",\"DestinationTypeFriendlyName\":\"Generic REST Destination\",\"Id\":\"71a3ce66-1bab-48fe-a815-b045008d0fac\",\"Args\":null,\"ImplementsClearFields\":false,\"OrganisationType\":null}","DestinationConnection":"","RequiresFile":false,"RequiredFileHolderId":"00000000-0000-0000-0000-000000000000","RequiredFiles":null,"Metadata":[],"Notes":""}