{"IntegrationId":"INV_ADJ_02_CW_BC","IntegrationName":"Post Successfully imported Inventory Adjustments in ConnectWise","Integration":"{\"Id\":\"370bc3e9-593b-420e-90aa-b06200e7489d\",\"Name\":\"INV_ADJ_02_CW_BC\",\"Description\":\"Post Successfully imported Inventory Adjustments in ConnectWise\",\"KeyFields\":[\"export_procurement\"],\"DataSourceType\":\"Rest___5aacf544-4e72-421c-a2e3-afe300a55e11DataSourceAssociation\",\"DataSourceId\":\"f9a007cc-d58b-4b40-9825-b06200e7489d\",\"DataSourceDetailUrl\":null,\"DataSourceDisplayName\":null,\"DataSourceJson\":\"{\\\"entityId\\\":\\\"ba35bed3-c658-49c6-ae5f-b06200e399e5\\\",\\\"EntityName\\\":\\\"02 Post Incremental Adjustment\\\",\\\"GroupName\\\":\\\"Inventory\\\",\\\"providerData\\\":\\\"ConnectWise 1.0.0.1\\\",\\\"fields\\\":[{\\\"name\\\":\\\"calc_id\\\",\\\"type\\\":\\\"String\\\",\\\"path\\\":\\\"\\\",\\\"selected\\\":true,\\\"isCalc\\\":true,\\\"enumItems\\\":[]},{\\\"name\\\":\\\"description\\\",\\\"type\\\":\\\"String\\\",\\\"path\\\":\\\"description\\\",\\\"selected\\\":true,\\\"isCalc\\\":false,\\\"enumItems\\\":[]},{\\\"name\\\":\\\"export_procurement\\\",\\\"type\\\":\\\"Boolean\\\",\\\"path\\\":\\\"\\\",\\\"selected\\\":true,\\\"isCalc\\\":true,\\\"enumItems\\\":[]},{\\\"name\\\":\\\"id\\\",\\\"type\\\":\\\"Integer\\\",\\\"path\\\":\\\"id\\\",\\\"selected\\\":true,\\\"isCalc\\\":false,\\\"enumItems\\\":[]},{\\\"name\\\":\\\"unpostedProductId\\\",\\\"type\\\":\\\"String\\\",\\\"path\\\":\\\"unpostedProductId\\\",\\\"selected\\\":true,\\\"isCalc\\\":false,\\\"enumItems\\\":[]}],\\\"SourceType\\\":\\\"eOne.SmartConnect.Connectors.GenericRest.GenericRestDataSource\\\",\\\"SourceName\\\":\\\"02 Post Incremental Adjustment\\\",\\\"usedPlaceholders\\\":null,\\\"headers\\\":null,\\\"parameters\\\":null,\\\"body\\\":null,\\\"FriendlyName\\\":null,\\\"Name\\\":\\\"ConnectWise 1.0.0.1 Data Source\\\",\\\"ViewName\\\":null,\\\"LargeImage\\\":\\\"___5f365292-c701-4aa6-aa01-afe500eae5eb\\\",\\\"TypeName\\\":null,\\\"QueryText\\\":null,\\\"TrimStrings\\\":false,\\\"RegisteredConnectorId\\\":\\\"00000000-0000-0000-0000-000000000000\\\",\\\"ProviderName\\\":\\\"5aacf544-4e72-421c-a2e3-afe300a55e11\\\",\\\"ImageUrl\\\":\\\"https://app.smartconnect.com/files/getImage?id=5f365292-c701-4aa6-aa01-afe500eae5eb\\\",\\\"Id\\\":\\\"4876e135-9963-4b89-8af8-b06200e54bf1\\\",\\\"ConnectionId\\\":\\\"f04d9445-eab6-43ed-962a-afe400e1ebe8\\\",\\\"Description\\\":\\\"02 Post Incremental Adjustment\\\",\\\"FromQueryBuilder\\\":false,\\\"FreeTextDatabaseName\\\":false}\",\"DestinationType\":\"eOne.SmartConnect.Connectors.GenericRest.GenericRestDestination\",\"DestinationId\":\"95786cc0-55a3-4a75-af02-b06200e7489d\",\"DestinationDetailUrl\":null,\"DestinationDisplayName\":null,\"DestinationJson\":\"{\\\"connectionId\\\":\\\"f04d9445-eab6-43ed-962a-afe400e1ebe8\\\",\\\"setupId\\\":\\\"5aacf544-4e72-421c-a2e3-afe300a55e11\\\",\\\"actions\\\":[{\\\"id\\\":\\\"58651777-7d1f-4f08-9f3e-afe300a55e4e\\\",\\\"name\\\":\\\"Post Procurement Batch\\\",\\\"entityName\\\":\\\"List Unposted Invoices\\\",\\\"groupName\\\":\\\"Procurement\\\"}],\\\"filePath\\\":null,\\\"toFile\\\":false,\\\"removeUnmapped\\\":false,\\\"providerName\\\":\\\"ConnectWise 1.0.0.1\\\",\\\"CurrentInstance\\\":{\\\"InstanceType\\\":\\\"(REST) ConnectWise 1.0.0.1\\\",\\\"Id\\\":\\\"f04d9445-eab6-43ed-962a-afe400e1ebe8\\\",\\\"InstanceName\\\":\\\"\\\",\\\"Description\\\":\\\"ConnectWise\\\",\\\"IsDefault\\\":false,\\\"IsLocal\\\":false,\\\"LocalServerName\\\":\\\"00000000-0000-0000-0000-000000000000\\\",\\\"ImageUrl\\\":\\\"https://app.smartconnect.com/files/getImage?id=5f365292-c701-4aa6-aa01-afe500eae5eb\\\",\\\"SourceUrl\\\":\\\"\\\",\\\"TargetUrl\\\":\\\"\\\",\\\"CustomError\\\":\\\"\\\",\\\"ConnectionLinks\\\":null},\\\"DestinationType\\\":\\\"GenericRestDestination\\\",\\\"DestinationTypeFriendlyName\\\":\\\"Generic REST Destination\\\",\\\"Id\\\":\\\"95786cc0-55a3-4a75-af02-b06200e7489d\\\",\\\"Args\\\":null,\\\"ImplementsClearFields\\\":false,\\\"OrganisationType\\\":null}\",\"Lines\":[{\"Id\":\"1528754d-f32c-4293-bd73-b06200e7491c\",\"Description\":\"Post Procurement Batch\",\"MapId\":\"INV_ADJ_02_CW_BC\",\"MapDescription\":\"Post Successfully imported Inventory Adjustments in ConnectWise\",\"TechnicalName\":\"_58651777-7d1f-4f08-9f3e-afe300a55e4e\",\"TechnicalValue\":\"\",\"ForDelete\":false,\"ForDeleteEnabled\":true,\"ForDeleteVisible\":false,\"UpdateIfExists\":false,\"UpdateIfExistsEnabled\":false,\"UpdateIfExistsVisible\":false,\"UpdateBlanks\":false,\"UpdateBlanksEnabled\":false,\"UpdateBlanksVisible\":false,\"Sequence\":1,\"LineNumber\":1,\"Mapped\":true,\"Grouped\":true,\"Restrictions\":\"return true;\",\"Allowed\":false,\"SourceColumns\":[{\"Id\":\"0388094f-c205-4c87-88fb-b06200e7489d\",\"ColumnName\":\"id\",\"ColumnType\":\"DataSourceColumn\",\"ColumnTypeName\":\"Source Column\",\"Grouped\":false,\"AllowGroupBy\":true,\"AggregateFunction\":{\"ItemText\":\"First\",\"ItemValue\":\"4\"},\"ImageClass\":null,\"Sequence\":0,\"IncludeInScripting\":true},{\"Id\":\"63d9b158-ead0-4938-ae0a-b06200e7489d\",\"ColumnName\":\"calc_id\",\"ColumnType\":\"DataSourceColumn\",\"ColumnTypeName\":\"Source Column\",\"Grouped\":false,\"AllowGroupBy\":true,\"AggregateFunction\":{\"ItemText\":\"Concat\",\"ItemValue\":\"6\"},\"ImageClass\":null,\"Sequence\":0,\"IncludeInScripting\":true},{\"Id\":\"58e2ebfa-c865-49fa-b091-b06200e7489d\",\"ColumnName\":\"export_procurement\",\"ColumnType\":\"DataSourceColumn\",\"ColumnTypeName\":\"Source Column\",\"Grouped\":true,\"AllowGroupBy\":true,\"AggregateFunction\":{\"ItemText\":\"First\",\"ItemValue\":\"4\"},\"ImageClass\":null,\"Sequence\":0,\"IncludeInScripting\":true},{\"Id\":\"5166a727-caf0-41ae-b8f9-b06200e7489d\",\"ColumnName\":\"description\",\"ColumnType\":\"DataSourceColumn\",\"ColumnTypeName\":\"Source Column\",\"Grouped\":false,\"AllowGroupBy\":true,\"AggregateFunction\":{\"ItemText\":\"First\",\"ItemValue\":\"4\"},\"ImageClass\":null,\"Sequence\":0,\"IncludeInScripting\":true},{\"Id\":\"cf716eac-2112-42f3-babb-b06200e7489d\",\"ColumnName\":\"unpostedProductId\",\"ColumnType\":\"DataSourceColumn\",\"ColumnTypeName\":\"Source Column\",\"Grouped\":false,\"AllowGroupBy\":true,\"AggregateFunction\":{\"ItemText\":\"First\",\"ItemValue\":\"4\"},\"ImageClass\":null,\"Sequence\":0,\"IncludeInScripting\":true}],\"TargetColumns\":[{\"Id\":\"e4ad6bb0-1680-497b-9c0a-b06200e7491c\",\"TypeString\":\"String\",\"Number\":1,\"TechnicalName\":\"batchIdentifier\",\"TechnicalValue\":\"\",\"Name\":\"batchIdentifier\",\"ColumnType\":{\"ItemText\":\"Calculation\",\"ItemValue\":\"CalculationColumn\"},\"RequiredOrder\":false,\"ColumnSetting\":{\"Id\":\"3350c160-47ff-4b57-a8ff-b06200e7491c\",\"Column\":{\"Id\":\"cb718d91-3e57-46b4-bae6-b06200e7489d\",\"Name\":\"CALC_BATCH_ID\",\"TypeDisplayName\":\"Calculation\",\"MapId\":\"INV_ADJ_02_CW_BC\",\"Sequence\":99,\"ErrorInfo\":\"\"},\"Grouped\":false,\"AggregateFunction\":{\"ItemText\":\"First\",\"ItemValue\":\"4\"},\"Sequence\":99,\"IncludeInScripting\":false,\"ColumnName\":\"CALC_BATCH_ID\",\"ColumnTypeName\":\"Calculation\"},\"ColumnSettingColumnName\":\"CALC_BATCH_ID\",\"ColumnSettingColumnType\":{\"ItemText\":\"Calculation\",\"ItemValue\":\"CalculationColumn\"},\"Error\":\"\",\"IsRequired\":false,\"AllowEdit\":true,\"AllowCreate\":true,\"Required\":\"N\",\"Options\":[]},{\"Id\":\"3cf99fc1-837a-4550-8e53-b06200e7491c\",\"TypeString\":\"Boolean\",\"Number\":3,\"TechnicalName\":\"exportProductsFlag\",\"TechnicalValue\":\"\",\"Name\":\"exportProductsFlag\",\"ColumnType\":{\"ItemText\":\"Source Column\",\"ItemValue\":\"DataSourceColumn\"},\"RequiredOrder\":false,\"ColumnSetting\":{\"Id\":\"7189c15d-e61a-4405-bc4e-b06200e7491c\",\"Column\":{\"Id\":\"58e2ebfa-c865-49fa-b091-b06200e7489d\",\"Name\":\"export_procurement\",\"TypeDisplayName\":\"Source Column\",\"MapId\":\"INV_ADJ_02_CW_BC\",\"Sequence\":0,\"ErrorInfo\":\"\"},\"Grouped\":true,\"AggregateFunction\":{\"ItemText\":\"First\",\"ItemValue\":\"4\"},\"Sequence\":0,\"IncludeInScripting\":true,\"ColumnName\":\"export_procurement\",\"ColumnTypeName\":\"Source Column\"},\"ColumnSettingColumnName\":\"export_procurement\",\"ColumnSettingColumnType\":{\"ItemText\":\"Source Column\",\"ItemValue\":\"DataSourceColumn\"},\"Error\":\"\",\"IsRequired\":false,\"AllowEdit\":true,\"AllowCreate\":true,\"Required\":\"N\",\"Options\":[]},{\"Id\":\"a1f09a11-23f9-4a1f-b55b-b06200e7491c\",\"TypeString\":\"String\",\"Number\":2,\"TechnicalName\":\"glInterfaceIdentifier\",\"TechnicalValue\":\"\",\"Name\":\"glInterfaceIdentifier\",\"ColumnType\":{\"ItemText\":\"Calculation\",\"ItemValue\":\"CalculationColumn\"},\"RequiredOrder\":false,\"ColumnSetting\":{\"Id\":\"3350c160-47ff-4b57-a8ff-b06200e7491c\",\"Column\":{\"Id\":\"cb718d91-3e57-46b4-bae6-b06200e7489d\",\"Name\":\"CALC_BATCH_ID\",\"TypeDisplayName\":\"Calculation\",\"MapId\":\"INV_ADJ_02_CW_BC\",\"Sequence\":99,\"ErrorInfo\":\"\"},\"Grouped\":false,\"AggregateFunction\":{\"ItemText\":\"First\",\"ItemValue\":\"4\"},\"Sequence\":99,\"IncludeInScripting\":false,\"ColumnName\":\"CALC_BATCH_ID\",\"ColumnTypeName\":\"Calculation\"},\"ColumnSettingColumnName\":\"CALC_BATCH_ID\",\"ColumnSettingColumnType\":{\"ItemText\":\"Calculation\",\"ItemValue\":\"CalculationColumn\"},\"Error\":\"\",\"IsRequired\":false,\"AllowEdit\":true,\"AllowCreate\":true,\"Required\":\"N\",\"Options\":[]},{\"Id\":\"c3ffca59-3ab1-4536-b384-b06200e7491c\",\"TypeString\":\"Enum\",\"Number\":4,\"TechnicalName\":\"processedRecordIds\",\"TechnicalValue\":\"\",\"Name\":\"processedRecordIds\",\"ColumnType\":{\"ItemText\":\"Source Column\",\"ItemValue\":\"DataSourceColumn\"},\"RequiredOrder\":false,\"ColumnSetting\":{\"Id\":\"c3ad9790-b392-4914-b400-b06200e7491c\",\"Column\":{\"Id\":\"63d9b158-ead0-4938-ae0a-b06200e7489d\",\"Name\":\"calc_id\",\"TypeDisplayName\":\"Source Column\",\"MapId\":\"INV_ADJ_02_CW_BC\",\"Sequence\":0,\"ErrorInfo\":\"\"},\"Grouped\":false,\"AggregateFunction\":{\"ItemText\":\"Concat\",\"ItemValue\":\"6\"},\"Sequence\":0,\"IncludeInScripting\":true,\"ColumnName\":\"calc_id\",\"ColumnTypeName\":\"Source Column\"},\"ColumnSettingColumnName\":\"calc_id\",\"ColumnSettingColumnType\":{\"ItemText\":\"Source Column\",\"ItemValue\":\"DataSourceColumn\"},\"Error\":\"\",\"IsRequired\":false,\"AllowEdit\":true,\"AllowCreate\":true,\"Required\":\"N\",\"Options\":[]}],\"ParentColumns\":null,\"ModelErrors\":null,\"IsChild\":false,\"IsParent\":false,\"Level\":0,\"LevelDescription\":\"Post Procurement Batch\",\"ParentDescription\":null,\"ParentTechnicalName\":null,\"ParentTechnicalValue\":null,\"SaveSendResult\":false,\"SendResultFields\":[]}],\"AdditionalColumns\":[{\"AdditionalColumnId\":\"cb718d91-3e57-46b4-bae6-b06200e7489d\",\"AdditionalColumnName\":\"CALC_BATCH_ID\",\"AdditionalColumnType\":\"Calculation\",\"AdditionalColumnTypeValue\":\"CalculationColumn\",\"AdditionalColumnModel\":\"{\\\"ScriptCode\\\":\\\"return this.GBL_CW_BATCH;\\\"}\",\"Sequence\":99,\"IncludeInScripting\":false}],\"AdditionalColumnsTypeList\":[{\"ItemText\":\"Calculation\",\"ItemValue\":\"CalculationColumn\"},{\"ItemText\":\"Custom Rolling Column\",\"ItemValue\":\"CustomRollingColumn\"},{\"ItemText\":\"Date Calculation\",\"ItemValue\":\"DateColumn\"},{\"ItemText\":\"Global Rolling Column\",\"ItemValue\":\"GlobalRollingColumn\"},{\"ItemText\":\"Local Constant\",\"ItemValue\":\"LocalConstantColumn\"},{\"ItemText\":\"MSSQL Lookup\",\"ItemValue\":\"MssqlLookupColumn\"},{\"ItemText\":\"REST Lookup\",\"ItemValue\":\"GenericRestLookupColumn\"},{\"ItemText\":\"Translation\",\"ItemValue\":\"TranslationColumn\"}],\"AggregateFunctionsList\":[{\"ItemText\":\"Concat\",\"ItemValue\":\"6\"},{\"ItemText\":\"First\",\"ItemValue\":\"4\"},{\"ItemText\":\"Last\",\"ItemValue\":\"5\"},{\"ItemText\":\"Max\",\"ItemValue\":\"3\"},{\"ItemText\":\"Min\",\"ItemValue\":\"2\"},{\"ItemText\":\"Sum\",\"ItemValue\":\"1\"}],\"ColumnTypesList\":[{\"ItemText\":\"Calculation\",\"ItemValue\":\"CalculationColumn\"},{\"ItemText\":\"Custom Rolling Column\",\"ItemValue\":\"CustomRollingColumn\"},{\"ItemText\":\"Date Calculation\",\"ItemValue\":\"DateColumn\"},{\"ItemText\":\"Global Rolling Column\",\"ItemValue\":\"GlobalRollingColumn\"},{\"ItemText\":\"List Option\",\"ItemValue\":\"ListColumn\"},{\"ItemText\":\"Local Constant\",\"ItemValue\":\"LocalConstantColumn\"},{\"ItemText\":\"Parent Source Column\",\"ItemValue\":\"ParentDataSourceColumn\"},{\"ItemText\":\"REST Lookup\",\"ItemValue\":\"GenericRestLookupColumn\"},{\"ItemText\":\"Source Column\",\"ItemValue\":\"DataSourceColumn\"},{\"ItemText\":\"Translation\",\"ItemValue\":\"TranslationColumn\"}],\"KeyFieldsList\":[{\"ItemText\":\"calc_id\",\"ItemValue\":\"calc_id\",\"IsDefault\":false},{\"ItemText\":\"description\",\"ItemValue\":\"description\",\"IsDefault\":false},{\"ItemText\":\"export_procurement\",\"ItemValue\":\"export_procurement\",\"IsDefault\":false},{\"ItemText\":\"id\",\"ItemValue\":\"id\",\"IsDefault\":false},{\"ItemText\":\"unpostedProductId\",\"ItemValue\":\"unpostedProductId\",\"IsDefault\":false}],\"Tasks\":[{\"mapTaskId\":\"ca438049-516c-4c8c-8be8-b06200e7497e\",\"mapTaskName\":\"INIT_VARIABLES\",\"mapTaskType\":\"Run Script\",\"mapTaskStage\":1,\"mapTaskStageName\":\"Integration Pre Tasks\",\"mapTaskSequence\":1,\"mapTaskOnFailure\":1,\"mapTaskOnSuccess\":1,\"mapTaskModel\":\"{\\\"TaskType\\\":1,\\\"TaskName\\\":\\\"INIT_VARIABLES\\\",\\\"Sequence\\\":1,\\\"OnFailure\\\":1,\\\"OnSuccess\\\":1,\\\"Success\\\":false,\\\"UsesSourceFields\\\":false,\\\"Code\\\":\\\"//initialize variables for processing\\\\nvar mystring = this.GBL_CW_BATCH;\\\\nmystring = this.GBL_CW_EXPENSE_IDS;\\\\nreturn true;\\\"}\",\"mapTaskEnabled\":true}],\"MapOptions\":{\"NoDataOption\":\"success\",\"NoDataRunTasksOption\":\"RunAll\",\"BlankLineOption\":\"DoNothing\",\"ErrorProcessingFormat\":\"none\",\"EnableProcessErrors\":true,\"EnableSystemEventErrors\":true,\"ProcessErrorsLimit\":10,\"LogEnabled\":false,\"LogErrors\":false,\"LogXml\":false,\"LogSuccess\":false,\"LogDebugDocDetails\":false,\"LogDebugDocTasks\":false,\"LogDebugMapDetails\":false,\"LogDebugMapTasks\":false,\"ValidateDataTypes\":false,\"LogDebugDocItems\":false,\"LogDebugSchedule\":false,\"Owner\":\"ethan.sorenson@eonesolutions.com\",\"CreatedUser\":\"ethan.sorenson@eonesolutions.com\",\"IntegrationGroupId\":\"85e54141-aa7f-4cbe-8ae6-b00000a9a293\",\"IntegrationGroupName\":\"ConnectWise\",\"AllowAnyRun\":false,\"ScriptLanguage\":\"JavaScript\",\"ReturnSuccessIfNoData\":true,\"ConcatenationSeparator\":\",\",\"FileOutputLimit\":10},\"Variables\":[{\"Id\":\"2e20820f-43eb-4f93-8d07-b06200e7499b\",\"GlobalVariable\":{\"Id\":\"45e36088-8029-4e67-a31b-afa500b8f232\",\"Name\":\"GBL_CW_BATCH\",\"Value\":\"batch1\",\"IsSecure\":false,\"IsSystem\":false},\"Value\":\"batch1\",\"PersistValue\":false,\"SelectAtRuntime\":false,\"RuntimeValueType\":0,\"RuntimePrompt\":null,\"PersistValueOnErrorRun\":false,\"RequireValue\":false},{\"Id\":\"4baf4587-9db2-448a-8047-b06200e7489d\",\"GlobalVariable\":{\"Id\":\"e2753bc1-cb82-4cab-826a-afe5012deab0\",\"Name\":\"GBL_CW_UNPOSTED_IDS\",\"Value\":\"\",\"IsSecure\":false,\"IsSystem\":false},\"Value\":\"\",\"PersistValue\":false,\"SelectAtRuntime\":false,\"RuntimeValueType\":0,\"RuntimePrompt\":null,\"PersistValueOnErrorRun\":false,\"RequireValue\":false},{\"Id\":\"6f4f1ff8-b11a-48ef-8858-b06200e7499b\",\"GlobalVariable\":{\"Id\":\"10c5f1e9-1d39-4bea-a1c0-b03100b3b4c9\",\"Name\":\"GBL_CW_EXPENSE_IDS\",\"Value\":\"0\",\"IsSecure\":false,\"IsSystem\":false},\"Value\":\"0\",\"PersistValue\":false,\"SelectAtRuntime\":false,\"RuntimeValueType\":0,\"RuntimePrompt\":null,\"PersistValueOnErrorRun\":false,\"RequireValue\":false},{\"Id\":\"ee7ed495-b017-4837-84da-b06200e7489d\",\"GlobalVariable\":{\"Id\":\"7d53c5a1-172f-490f-8bcf-b03100e20007\",\"Name\":\"GBL_CW_ADJUSTMENT_IDS\",\"Value\":\"\",\"IsSecure\":false,\"IsSystem\":false},\"Value\":\"\",\"PersistValue\":false,\"SelectAtRuntime\":false,\"RuntimeValueType\":0,\"RuntimePrompt\":null,\"PersistValueOnErrorRun\":false,\"RequireValue\":false}],\"LoadErrors\":\"\",\"Notes\":[],\"Tenants\":[{\"Name\":\"GenericRest\",\"ServerName\":\"ConnectWise 1.0.0.1\",\"TechnicalName\":\"ConnectWise\",\"IsUserAdded\":false,\"Selected\":true,\"ConnectionInstanceId\":\"f04d9445-eab6-43ed-962a-afe400e1ebe8\",\"ConnectionInstanceName\":\"ConnectWise\"}],\"TenantScript\":\"return \\u0027\\u0027;\"}","SourceType":"eOne.SmartConnect.Connectors.GenericRest.GenericRestDataSource","SourceTypeName":"Generic REST Data Source","TargetType":"eOne.SmartConnect.Connectors.GenericRest.GenericRestDestination","TargetTypeName":"Generic REST Destination","DataSource":"{\"entityId\":\"ba35bed3-c658-49c6-ae5f-b06200e399e5\",\"EntityName\":\"02 Post Incremental Adjustment\",\"GroupName\":\"Inventory\",\"providerData\":\"ConnectWise 1.0.0.1\",\"fields\":[{\"name\":\"calc_id\",\"type\":\"String\",\"path\":\"\",\"selected\":true,\"isCalc\":true,\"enumItems\":[]},{\"name\":\"description\",\"type\":\"String\",\"path\":\"description\",\"selected\":true,\"isCalc\":false,\"enumItems\":[]},{\"name\":\"export_procurement\",\"type\":\"Boolean\",\"path\":\"\",\"selected\":true,\"isCalc\":true,\"enumItems\":[]},{\"name\":\"id\",\"type\":\"Integer\",\"path\":\"id\",\"selected\":true,\"isCalc\":false,\"enumItems\":[]},{\"name\":\"unpostedProductId\",\"type\":\"String\",\"path\":\"unpostedProductId\",\"selected\":true,\"isCalc\":false,\"enumItems\":[]}],\"SourceType\":\"eOne.SmartConnect.Connectors.GenericRest.GenericRestDataSource\",\"SourceName\":\"02 Post Incremental Adjustment\",\"usedPlaceholders\":null,\"headers\":null,\"parameters\":null,\"body\":null,\"FriendlyName\":null,\"Name\":\"ConnectWise 1.0.0.1 Data Source\",\"ViewName\":null,\"LargeImage\":\"___5f365292-c701-4aa6-aa01-afe500eae5eb\",\"TypeName\":null,\"QueryText\":null,\"TrimStrings\":false,\"RegisteredConnectorId\":\"00000000-0000-0000-0000-000000000000\",\"ProviderName\":\"5aacf544-4e72-421c-a2e3-afe300a55e11\",\"ImageUrl\":\"https://app.smartconnect.com/files/getImage?id=5f365292-c701-4aa6-aa01-afe500eae5eb\",\"Id\":\"4876e135-9963-4b89-8af8-b06200e54bf1\",\"ConnectionId\":\"f04d9445-eab6-43ed-962a-afe400e1ebe8\",\"Description\":\"02 Post Incremental Adjustment\",\"FromQueryBuilder\":false,\"FreeTextDatabaseName\":false}","DataSourceConnection":"","Destination":"{\"connectionId\":\"f04d9445-eab6-43ed-962a-afe400e1ebe8\",\"setupId\":\"5aacf544-4e72-421c-a2e3-afe300a55e11\",\"actions\":[{\"id\":\"58651777-7d1f-4f08-9f3e-afe300a55e4e\",\"name\":\"Post Procurement Batch\",\"entityName\":\"List Unposted Invoices\",\"groupName\":\"Procurement\"}],\"filePath\":null,\"toFile\":false,\"removeUnmapped\":false,\"providerName\":\"ConnectWise 1.0.0.1\",\"CurrentInstance\":{\"InstanceType\":\"(REST) ConnectWise 1.0.0.1\",\"Id\":\"f04d9445-eab6-43ed-962a-afe400e1ebe8\",\"InstanceName\":\"\",\"Description\":\"ConnectWise\",\"IsDefault\":false,\"IsLocal\":false,\"LocalServerName\":\"00000000-0000-0000-0000-000000000000\",\"ImageUrl\":\"https://app.smartconnect.com/files/getImage?id=5f365292-c701-4aa6-aa01-afe500eae5eb\",\"SourceUrl\":\"\",\"TargetUrl\":\"\",\"CustomError\":\"\",\"ConnectionLinks\":null},\"DestinationType\":\"GenericRestDestination\",\"DestinationTypeFriendlyName\":\"Generic REST Destination\",\"Id\":\"95786cc0-55a3-4a75-af02-b06200e7489d\",\"Args\":null,\"ImplementsClearFields\":false,\"OrganisationType\":null}","DestinationConnection":"","RequiresFile":false,"RequiredFileHolderId":"00000000-0000-0000-0000-000000000000","RequiredFiles":null,"Metadata":[],"Notes":""}