{"IntegrationId":"LOCATIONS_BINS_01_CW_BC","IntegrationName":"ConnectWise Warehouse and Bins to Business Central Locations and Bins","Integration":"{\"Id\":\"e2a513e3-f378-41d4-911b-b00a00b6de96\",\"Name\":\"LOCATIONS_BINS_01_CW_BC\",\"Description\":\"ConnectWise Warehouse and Bins to Business Central Locations and Bins\",\"KeyFields\":[\"warehouse_name\"],\"DataSourceType\":\"Rest___5aacf544-4e72-421c-a2e3-afe300a55e11DataSourceAssociation\",\"DataSourceId\":\"5ede55c7-229f-41cf-9226-b02200856004\",\"DataSourceDetailUrl\":null,\"DataSourceDisplayName\":null,\"DataSourceJson\":\"{\\\"entityId\\\":\\\"54b5f173-b9e3-4db6-92aa-afe5011d0f88\\\",\\\"EntityName\\\":\\\"01 All Warehouse Bins\\\",\\\"GroupName\\\":\\\"Inventory\\\",\\\"providerData\\\":\\\"ConnectWise 1.0.0.1\\\",\\\"fields\\\":[{\\\"name\\\":\\\"bin_id\\\",\\\"type\\\":\\\"Integer\\\",\\\"path\\\":\\\"id\\\",\\\"selected\\\":true,\\\"isCalc\\\":false,\\\"enumItems\\\":[]},{\\\"name\\\":\\\"bin_name\\\",\\\"type\\\":\\\"String\\\",\\\"path\\\":\\\"name\\\",\\\"selected\\\":true,\\\"isCalc\\\":false,\\\"enumItems\\\":[]},{\\\"name\\\":\\\"defaultFlag\\\",\\\"type\\\":\\\"Boolean\\\",\\\"path\\\":\\\"defaultFlag\\\",\\\"selected\\\":true,\\\"isCalc\\\":false,\\\"enumItems\\\":[]},{\\\"name\\\":\\\"location_id\\\",\\\"type\\\":\\\"Integer\\\",\\\"path\\\":\\\"location.id\\\",\\\"selected\\\":true,\\\"isCalc\\\":false,\\\"enumItems\\\":[]},{\\\"name\\\":\\\"location_name\\\",\\\"type\\\":\\\"String\\\",\\\"path\\\":\\\"location.name\\\",\\\"selected\\\":true,\\\"isCalc\\\":false,\\\"enumItems\\\":[]},{\\\"name\\\":\\\"warehouse_id\\\",\\\"type\\\":\\\"Integer\\\",\\\"path\\\":\\\"warehouse.id\\\",\\\"selected\\\":true,\\\"isCalc\\\":false,\\\"enumItems\\\":[]},{\\\"name\\\":\\\"warehouse_name\\\",\\\"type\\\":\\\"String\\\",\\\"path\\\":\\\"warehouse.name\\\",\\\"selected\\\":true,\\\"isCalc\\\":false,\\\"enumItems\\\":[]}],\\\"SourceType\\\":\\\"eOne.SmartConnect.Connectors.GenericRest.GenericRestDataSource\\\",\\\"SourceName\\\":\\\"01 All Warehouse Bins\\\",\\\"usedPlaceholders\\\":null,\\\"headers\\\":null,\\\"parameters\\\":null,\\\"body\\\":null,\\\"FriendlyName\\\":null,\\\"Name\\\":\\\"ConnectWise 1.0.0.1 Data Source\\\",\\\"ViewName\\\":null,\\\"LargeImage\\\":\\\"___5f365292-c701-4aa6-aa01-afe500eae5eb\\\",\\\"TypeName\\\":null,\\\"QueryText\\\":null,\\\"TrimStrings\\\":false,\\\"RegisteredConnectorId\\\":\\\"00000000-0000-0000-0000-000000000000\\\",\\\"ProviderName\\\":\\\"5aacf544-4e72-421c-a2e3-afe300a55e11\\\",\\\"ImageUrl\\\":\\\"https://app.smartconnect.com/files/getImage?id=5f365292-c701-4aa6-aa01-afe500eae5eb\\\",\\\"Id\\\":\\\"04ec4ce0-d18c-4b1f-9aa4-afe5012f324f\\\",\\\"ConnectionId\\\":\\\"f04d9445-eab6-43ed-962a-afe400e1ebe8\\\",\\\"Description\\\":\\\"01 All Warehouse Bins\\\",\\\"FromQueryBuilder\\\":false,\\\"FreeTextDatabaseName\\\":false}\",\"DestinationType\":\"eOne.SmartConnect.Connectors.NAV.Odata.MsNavOdataDestination\",\"DestinationId\":\"f0a49274-f7b3-48af-aa71-b02200856000\",\"DestinationDetailUrl\":null,\"DestinationDisplayName\":null,\"DestinationJson\":\"{\\\"Services\\\":[{\\\"ItemText\\\":\\\"Location\\\",\\\"ItemValue\\\":\\\"Location\\\"}],\\\"IncludeLinks\\\":true,\\\"ToFile\\\":false,\\\"Company\\\":\\\"CRONUS USA, Inc.\\\",\\\"RemoveBlankProperties\\\":false,\\\"IgnoreUpdateConflicts\\\":false,\\\"DisableParallelSend\\\":true,\\\"CurrentInstance\\\":{\\\"ServiceUrl\\\":\\\"https://api.businesscentral.dynamics.com/v2.0/ee065533-ca31-465c-9697-723086c8e4c7/US/ODataV4\\\",\\\"UserName\\\":\\\"\\\",\\\"Password\\\":\\\"\\\",\\\"DefaultCompany\\\":\\\"CRONUS USA, Inc.\\\",\\\"AllowLongTimeout\\\":false,\\\"TimeoutMinutes\\\":5,\\\"RetryFailedRequests\\\":true,\\\"RetryCount\\\":10,\\\"Username\\\":\\\"ethan.sorenson@eones.onmicrosoft.com\\\",\\\"Companies\\\":[],\\\"InstanceType\\\":\\\"Dynamics 365 Business Central Odata\\\",\\\"Id\\\":\\\"01bd75e4-d577-4978-b4c7-b00700ef9ac3\\\",\\\"InstanceName\\\":\\\"\\\",\\\"Description\\\":\\\"Ethan US Sandbox\\\",\\\"IsDefault\\\":false,\\\"IsLocal\\\":false,\\\"LocalServerName\\\":\\\"00000000-0000-0000-0000-000000000000\\\",\\\"ImageUrl\\\":\\\"../../content/eone/connectors/dynamics_business_central_100.png\\\",\\\"SourceUrl\\\":\\\"../../msnav/source\\\",\\\"TargetUrl\\\":\\\"../../msnav/target\\\",\\\"CustomError\\\":\\\"\\\",\\\"ConnectionLinks\\\":null},\\\"DestinationType\\\":\\\"MsNavOdataDestination\\\",\\\"DestinationTypeFriendlyName\\\":\\\"Dynamics 365 Business Central OData\\\",\\\"Id\\\":\\\"f0a49274-f7b3-48af-aa71-b02200856000\\\",\\\"Args\\\":null,\\\"ImplementsClearFields\\\":false,\\\"OrganisationType\\\":null}\",\"Lines\":[{\"Id\":\"a0ee2a3a-72d4-4ea9-a052-b02200856504\",\"Description\":\"Location\",\"MapId\":\"LOCATIONS_BINS_01_CW_BC\",\"MapDescription\":\"ConnectWise Warehouse and Bins to Business Central Locations and Bins\",\"TechnicalName\":\"NAV_Location\",\"TechnicalValue\":\"NAV.Location\",\"ForDelete\":false,\"ForDeleteEnabled\":true,\"ForDeleteVisible\":true,\"UpdateIfExists\":true,\"UpdateIfExistsEnabled\":true,\"UpdateIfExistsVisible\":true,\"UpdateBlanks\":false,\"UpdateBlanksEnabled\":true,\"UpdateBlanksVisible\":false,\"Sequence\":2,\"LineNumber\":0,\"Mapped\":true,\"Grouped\":true,\"Restrictions\":\"return true;\",\"Allowed\":false,\"SourceColumns\":[{\"Id\":\"2e59a24d-310a-4bcb-bd03-b00a00b6dedc\",\"ColumnName\":\"defaultFlag\",\"ColumnType\":\"DataSourceColumn\",\"ColumnTypeName\":\"Source Column\",\"Grouped\":false,\"AllowGroupBy\":true,\"AggregateFunction\":{\"ItemText\":\"First\",\"ItemValue\":\"4\"},\"ImageClass\":null,\"Sequence\":0,\"IncludeInScripting\":true},{\"Id\":\"6c5ec977-54e5-4817-8f6e-b02200856020\",\"ColumnName\":\"warehouse_id\",\"ColumnType\":\"DataSourceColumn\",\"ColumnTypeName\":\"Source Column\",\"Grouped\":false,\"AllowGroupBy\":true,\"AggregateFunction\":{\"ItemText\":\"First\",\"ItemValue\":\"4\"},\"ImageClass\":null,\"Sequence\":0,\"IncludeInScripting\":true},{\"Id\":\"89ad2bbb-4e14-4ad0-b18e-b02200856020\",\"ColumnName\":\"bin_name\",\"ColumnType\":\"DataSourceColumn\",\"ColumnTypeName\":\"Source Column\",\"Grouped\":false,\"AllowGroupBy\":true,\"AggregateFunction\":{\"ItemText\":\"First\",\"ItemValue\":\"4\"},\"ImageClass\":null,\"Sequence\":0,\"IncludeInScripting\":true},{\"Id\":\"0d664f5a-45eb-4d79-8bd0-b02200856025\",\"ColumnName\":\"location_id\",\"ColumnType\":\"DataSourceColumn\",\"ColumnTypeName\":\"Source Column\",\"Grouped\":false,\"AllowGroupBy\":true,\"AggregateFunction\":{\"ItemText\":\"First\",\"ItemValue\":\"4\"},\"ImageClass\":null,\"Sequence\":0,\"IncludeInScripting\":true},{\"Id\":\"0b8eb359-ca95-4635-b3fb-b02200856025\",\"ColumnName\":\"location_name\",\"ColumnType\":\"DataSourceColumn\",\"ColumnTypeName\":\"Source Column\",\"Grouped\":false,\"AllowGroupBy\":true,\"AggregateFunction\":{\"ItemText\":\"First\",\"ItemValue\":\"4\"},\"ImageClass\":null,\"Sequence\":0,\"IncludeInScripting\":true},{\"Id\":\"f836763f-d5db-4cb2-b587-b02200856025\",\"ColumnName\":\"warehouse_name\",\"ColumnType\":\"DataSourceColumn\",\"ColumnTypeName\":\"Source Column\",\"Grouped\":true,\"AllowGroupBy\":true,\"AggregateFunction\":{\"ItemText\":\"First\",\"ItemValue\":\"4\"},\"ImageClass\":null,\"Sequence\":0,\"IncludeInScripting\":true},{\"Id\":\"e29cd677-fa01-4264-86c5-b0220085602a\",\"ColumnName\":\"bin_id\",\"ColumnType\":\"DataSourceColumn\",\"ColumnTypeName\":\"Source Column\",\"Grouped\":false,\"AllowGroupBy\":true,\"AggregateFunction\":{\"ItemText\":\"First\",\"ItemValue\":\"4\"},\"ImageClass\":null,\"Sequence\":0,\"IncludeInScripting\":true}],\"TargetColumns\":[{\"Id\":\"00000000-0000-0000-0000-000000000000\",\"TypeString\":\"Edm.String\",\"Number\":5,\"TechnicalName\":\"addressLine1\",\"TechnicalValue\":\"\",\"Name\":\"addressLine1\",\"ColumnType\":{\"ItemText\":\"Source Column\",\"ItemValue\":\"DataSourceColumn\"},\"RequiredOrder\":false,\"ColumnSetting\":{\"Id\":\"00000000-0000-0000-0000-000000000000\",\"Column\":null,\"Grouped\":false,\"AggregateFunction\":null,\"Sequence\":0,\"IncludeInScripting\":false,\"ColumnName\":\"\",\"ColumnTypeName\":\"\"},\"ColumnSettingColumnName\":\"\",\"ColumnSettingColumnType\":{\"ItemText\":\"Source Column\",\"ItemValue\":\"DataSourceColumn\"},\"Error\":\"\",\"IsRequired\":false,\"AllowEdit\":true,\"AllowCreate\":true,\"Required\":\"N\",\"Options\":[]},{\"Id\":\"00000000-0000-0000-0000-000000000000\",\"TypeString\":\"Edm.String\",\"Number\":6,\"TechnicalName\":\"addressLine2\",\"TechnicalValue\":\"\",\"Name\":\"addressLine2\",\"ColumnType\":{\"ItemText\":\"Source Column\",\"ItemValue\":\"DataSourceColumn\"},\"RequiredOrder\":false,\"ColumnSetting\":{\"Id\":\"00000000-0000-0000-0000-000000000000\",\"Column\":null,\"Grouped\":false,\"AggregateFunction\":null,\"Sequence\":0,\"IncludeInScripting\":false,\"ColumnName\":\"\",\"ColumnTypeName\":\"\"},\"ColumnSettingColumnName\":\"\",\"ColumnSettingColumnType\":{\"ItemText\":\"Source Column\",\"ItemValue\":\"DataSourceColumn\"},\"Error\":\"\",\"IsRequired\":false,\"AllowEdit\":true,\"AllowCreate\":true,\"Required\":\"N\",\"Options\":[]},{\"Id\":\"00000000-0000-0000-0000-000000000000\",\"TypeString\":\"Edm.String\",\"Number\":7,\"TechnicalName\":\"city\",\"TechnicalValue\":\"\",\"Name\":\"city\",\"ColumnType\":{\"ItemText\":\"Source Column\",\"ItemValue\":\"DataSourceColumn\"},\"RequiredOrder\":false,\"ColumnSetting\":{\"Id\":\"00000000-0000-0000-0000-000000000000\",\"Column\":null,\"Grouped\":false,\"AggregateFunction\":null,\"Sequence\":0,\"IncludeInScripting\":false,\"ColumnName\":\"\",\"ColumnTypeName\":\"\"},\"ColumnSettingColumnName\":\"\",\"ColumnSettingColumnType\":{\"ItemText\":\"Source Column\",\"ItemValue\":\"DataSourceColumn\"},\"Error\":\"\",\"IsRequired\":false,\"AllowEdit\":true,\"AllowCreate\":true,\"Required\":\"N\",\"Options\":[]},{\"Id\":\"680ef3c5-f311-4f43-9f84-b02200856509\",\"TypeString\":\"Edm.String\",\"Number\":1,\"TechnicalName\":\"code\",\"TechnicalValue\":\"\",\"Name\":\"code\",\"ColumnType\":{\"ItemText\":\"Source Column\",\"ItemValue\":\"DataSourceColumn\"},\"RequiredOrder\":false,\"ColumnSetting\":{\"Id\":\"a092b48a-fbca-428c-8a6b-b02200856509\",\"Column\":{\"Id\":\"f836763f-d5db-4cb2-b587-b02200856025\",\"Name\":\"warehouse_name\",\"TypeDisplayName\":\"Source Column\",\"MapId\":\"LOCATIONS_BINS_01_CW_BC\",\"Sequence\":0,\"ErrorInfo\":\"\"},\"Grouped\":true,\"AggregateFunction\":{\"ItemText\":\"First\",\"ItemValue\":\"4\"},\"Sequence\":0,\"IncludeInScripting\":true,\"ColumnName\":\"warehouse_name\",\"ColumnTypeName\":\"Source Column\"},\"ColumnSettingColumnName\":\"warehouse_name\",\"ColumnSettingColumnType\":{\"ItemText\":\"Source Column\",\"ItemValue\":\"DataSourceColumn\"},\"Error\":\"\",\"IsRequired\":false,\"AllowEdit\":true,\"AllowCreate\":true,\"Required\":\"N\",\"Options\":[]},{\"Id\":\"70b82153-4a00-4149-804c-b0220085650d\",\"TypeString\":\"Edm.String\",\"Number\":2,\"TechnicalName\":\"connectwiseId\",\"TechnicalValue\":\"\",\"Name\":\"connectwiseId\",\"ColumnType\":{\"ItemText\":\"Source Column\",\"ItemValue\":\"DataSourceColumn\"},\"RequiredOrder\":false,\"ColumnSetting\":{\"Id\":\"e5e4e395-f96b-4bf4-afd9-b0220085650d\",\"Column\":{\"Id\":\"6c5ec977-54e5-4817-8f6e-b02200856020\",\"Name\":\"warehouse_id\",\"TypeDisplayName\":\"Source Column\",\"MapId\":\"LOCATIONS_BINS_01_CW_BC\",\"Sequence\":0,\"ErrorInfo\":\"\"},\"Grouped\":false,\"AggregateFunction\":{\"ItemText\":\"First\",\"ItemValue\":\"4\"},\"Sequence\":0,\"IncludeInScripting\":true,\"ColumnName\":\"warehouse_id\",\"ColumnTypeName\":\"Source Column\"},\"ColumnSettingColumnName\":\"warehouse_id\",\"ColumnSettingColumnType\":{\"ItemText\":\"Source Column\",\"ItemValue\":\"DataSourceColumn\"},\"Error\":\"\",\"IsRequired\":false,\"AllowEdit\":true,\"AllowCreate\":true,\"Required\":\"N\",\"Options\":[]},{\"Id\":\"00000000-0000-0000-0000-000000000000\",\"TypeString\":\"Edm.String\",\"Number\":4,\"TechnicalName\":\"contact\",\"TechnicalValue\":\"\",\"Name\":\"contact\",\"ColumnType\":{\"ItemText\":\"Source Column\",\"ItemValue\":\"DataSourceColumn\"},\"RequiredOrder\":false,\"ColumnSetting\":{\"Id\":\"00000000-0000-0000-0000-000000000000\",\"Column\":null,\"Grouped\":false,\"AggregateFunction\":null,\"Sequence\":0,\"IncludeInScripting\":false,\"ColumnName\":\"\",\"ColumnTypeName\":\"\"},\"ColumnSettingColumnName\":\"\",\"ColumnSettingColumnType\":{\"ItemText\":\"Source Column\",\"ItemValue\":\"DataSourceColumn\"},\"Error\":\"\",\"IsRequired\":false,\"AllowEdit\":true,\"AllowCreate\":true,\"Required\":\"N\",\"Options\":[]},{\"Id\":\"00000000-0000-0000-0000-000000000000\",\"TypeString\":\"Edm.String\",\"Number\":9,\"TechnicalName\":\"countryCode\",\"TechnicalValue\":\"\",\"Name\":\"countryCode\",\"ColumnType\":{\"ItemText\":\"Source Column\",\"ItemValue\":\"DataSourceColumn\"},\"RequiredOrder\":false,\"ColumnSetting\":{\"Id\":\"00000000-0000-0000-0000-000000000000\",\"Column\":null,\"Grouped\":false,\"AggregateFunction\":null,\"Sequence\":0,\"IncludeInScripting\":false,\"ColumnName\":\"\",\"ColumnTypeName\":\"\"},\"ColumnSettingColumnName\":\"\",\"ColumnSettingColumnType\":{\"ItemText\":\"Source Column\",\"ItemValue\":\"DataSourceColumn\"},\"Error\":\"\",\"IsRequired\":false,\"AllowEdit\":true,\"AllowCreate\":true,\"Required\":\"N\",\"Options\":[]},{\"Id\":\"3f88921f-f9fe-45b2-b955-b02200856512\",\"TypeString\":\"Edm.String\",\"Number\":3,\"TechnicalName\":\"displayName\",\"TechnicalValue\":\"\",\"Name\":\"displayName\",\"ColumnType\":{\"ItemText\":\"Source Column\",\"ItemValue\":\"DataSourceColumn\"},\"RequiredOrder\":false,\"ColumnSetting\":{\"Id\":\"a092b48a-fbca-428c-8a6b-b02200856509\",\"Column\":{\"Id\":\"f836763f-d5db-4cb2-b587-b02200856025\",\"Name\":\"warehouse_name\",\"TypeDisplayName\":\"Source Column\",\"MapId\":\"LOCATIONS_BINS_01_CW_BC\",\"Sequence\":0,\"ErrorInfo\":\"\"},\"Grouped\":true,\"AggregateFunction\":{\"ItemText\":\"First\",\"ItemValue\":\"4\"},\"Sequence\":0,\"IncludeInScripting\":true,\"ColumnName\":\"warehouse_name\",\"ColumnTypeName\":\"Source Column\"},\"ColumnSettingColumnName\":\"warehouse_name\",\"ColumnSettingColumnType\":{\"ItemText\":\"Source Column\",\"ItemValue\":\"DataSourceColumn\"},\"Error\":\"\",\"IsRequired\":false,\"AllowEdit\":true,\"AllowCreate\":true,\"Required\":\"N\",\"Options\":[]},{\"Id\":\"00000000-0000-0000-0000-000000000000\",\"TypeString\":\"Edm.String\",\"Number\":12,\"TechnicalName\":\"email\",\"TechnicalValue\":\"\",\"Name\":\"email\",\"ColumnType\":{\"ItemText\":\"Source Column\",\"ItemValue\":\"DataSourceColumn\"},\"RequiredOrder\":false,\"ColumnSetting\":{\"Id\":\"00000000-0000-0000-0000-000000000000\",\"Column\":null,\"Grouped\":false,\"AggregateFunction\":null,\"Sequence\":0,\"IncludeInScripting\":false,\"ColumnName\":\"\",\"ColumnTypeName\":\"\"},\"ColumnSettingColumnName\":\"\",\"ColumnSettingColumnType\":{\"ItemText\":\"Source Column\",\"ItemValue\":\"DataSourceColumn\"},\"Error\":\"\",\"IsRequired\":false,\"AllowEdit\":true,\"AllowCreate\":true,\"Required\":\"N\",\"Options\":[]},{\"Id\":\"00000000-0000-0000-0000-000000000000\",\"TypeString\":\"Edm.Guid\",\"Number\":0,\"TechnicalName\":\"id\",\"TechnicalValue\":\"\",\"Name\":\"id\",\"ColumnType\":{\"ItemText\":\"Source Column\",\"ItemValue\":\"DataSourceColumn\"},\"RequiredOrder\":false,\"ColumnSetting\":{\"Id\":\"00000000-0000-0000-0000-000000000000\",\"Column\":null,\"Grouped\":false,\"AggregateFunction\":null,\"Sequence\":0,\"IncludeInScripting\":false,\"ColumnName\":\"\",\"ColumnTypeName\":\"\"},\"ColumnSettingColumnName\":\"\",\"ColumnSettingColumnType\":{\"ItemText\":\"Source Column\",\"ItemValue\":\"DataSourceColumn\"},\"Error\":\"\",\"IsRequired\":false,\"AllowEdit\":true,\"AllowCreate\":true,\"Required\":\"N\",\"Options\":[]},{\"Id\":\"00000000-0000-0000-0000-000000000000\",\"TypeString\":\"Edm.String\",\"Number\":11,\"TechnicalName\":\"phoneNumber\",\"TechnicalValue\":\"\",\"Name\":\"phoneNumber\",\"ColumnType\":{\"ItemText\":\"Source Column\",\"ItemValue\":\"DataSourceColumn\"},\"RequiredOrder\":false,\"ColumnSetting\":{\"Id\":\"00000000-0000-0000-0000-000000000000\",\"Column\":null,\"Grouped\":false,\"AggregateFunction\":null,\"Sequence\":0,\"IncludeInScripting\":false,\"ColumnName\":\"\",\"ColumnTypeName\":\"\"},\"ColumnSettingColumnName\":\"\",\"ColumnSettingColumnType\":{\"ItemText\":\"Source Column\",\"ItemValue\":\"DataSourceColumn\"},\"Error\":\"\",\"IsRequired\":false,\"AllowEdit\":true,\"AllowCreate\":true,\"Required\":\"N\",\"Options\":[]},{\"Id\":\"00000000-0000-0000-0000-000000000000\",\"TypeString\":\"Edm.String\",\"Number\":10,\"TechnicalName\":\"postalCode\",\"TechnicalValue\":\"\",\"Name\":\"postalCode\",\"ColumnType\":{\"ItemText\":\"Source Column\",\"ItemValue\":\"DataSourceColumn\"},\"RequiredOrder\":false,\"ColumnSetting\":{\"Id\":\"00000000-0000-0000-0000-000000000000\",\"Column\":null,\"Grouped\":false,\"AggregateFunction\":null,\"Sequence\":0,\"IncludeInScripting\":false,\"ColumnName\":\"\",\"ColumnTypeName\":\"\"},\"ColumnSettingColumnName\":\"\",\"ColumnSettingColumnType\":{\"ItemText\":\"Source Column\",\"ItemValue\":\"DataSourceColumn\"},\"Error\":\"\",\"IsRequired\":false,\"AllowEdit\":true,\"AllowCreate\":true,\"Required\":\"N\",\"Options\":[]},{\"Id\":\"00000000-0000-0000-0000-000000000000\",\"TypeString\":\"Edm.String\",\"Number\":8,\"TechnicalName\":\"state\",\"TechnicalValue\":\"\",\"Name\":\"state\",\"ColumnType\":{\"ItemText\":\"Source Column\",\"ItemValue\":\"DataSourceColumn\"},\"RequiredOrder\":false,\"ColumnSetting\":{\"Id\":\"00000000-0000-0000-0000-000000000000\",\"Column\":null,\"Grouped\":false,\"AggregateFunction\":null,\"Sequence\":0,\"IncludeInScripting\":false,\"ColumnName\":\"\",\"ColumnTypeName\":\"\"},\"ColumnSettingColumnName\":\"\",\"ColumnSettingColumnType\":{\"ItemText\":\"Source Column\",\"ItemValue\":\"DataSourceColumn\"},\"Error\":\"\",\"IsRequired\":false,\"AllowEdit\":true,\"AllowCreate\":true,\"Required\":\"N\",\"Options\":[]},{\"Id\":\"00000000-0000-0000-0000-000000000000\",\"TypeString\":\"Edm.String\",\"Number\":13,\"TechnicalName\":\"website\",\"TechnicalValue\":\"\",\"Name\":\"website\",\"ColumnType\":{\"ItemText\":\"Source Column\",\"ItemValue\":\"DataSourceColumn\"},\"RequiredOrder\":false,\"ColumnSetting\":{\"Id\":\"00000000-0000-0000-0000-000000000000\",\"Column\":null,\"Grouped\":false,\"AggregateFunction\":null,\"Sequence\":0,\"IncludeInScripting\":false,\"ColumnName\":\"\",\"ColumnTypeName\":\"\"},\"ColumnSettingColumnName\":\"\",\"ColumnSettingColumnType\":{\"ItemText\":\"Source Column\",\"ItemValue\":\"DataSourceColumn\"},\"Error\":\"\",\"IsRequired\":false,\"AllowEdit\":true,\"AllowCreate\":true,\"Required\":\"N\",\"Options\":[]}],\"ParentColumns\":null,\"ModelErrors\":null,\"IsChild\":false,\"IsParent\":false,\"Level\":0,\"LevelDescription\":\"Location\",\"ParentDescription\":null,\"ParentTechnicalName\":null,\"ParentTechnicalValue\":null,\"SaveSendResult\":false,\"SendResultFields\":[]},{\"Id\":\"64978828-673c-47dc-b684-b02200856854\",\"Description\":\"Location_bins\",\"MapId\":\"LOCATIONS_BINS_01_CW_BC\",\"MapDescription\":\"ConnectWise Warehouse and Bins to Business Central Locations and Bins\",\"TechnicalName\":\"NAV_Location_bins\",\"TechnicalValue\":\"NAV.Location_bins\",\"ForDelete\":false,\"ForDeleteEnabled\":true,\"ForDeleteVisible\":true,\"UpdateIfExists\":true,\"UpdateIfExistsEnabled\":true,\"UpdateIfExistsVisible\":true,\"UpdateBlanks\":false,\"UpdateBlanksEnabled\":true,\"UpdateBlanksVisible\":false,\"Sequence\":3,\"LineNumber\":0,\"Mapped\":true,\"Grouped\":true,\"Restrictions\":\"return true;\",\"Allowed\":false,\"SourceColumns\":[{\"Id\":\"2e59a24d-310a-4bcb-bd03-b00a00b6dedc\",\"ColumnName\":\"defaultFlag\",\"ColumnType\":\"DataSourceColumn\",\"ColumnTypeName\":\"Source Column\",\"Grouped\":false,\"AllowGroupBy\":true,\"AggregateFunction\":{\"ItemText\":\"First\",\"ItemValue\":\"4\"},\"ImageClass\":null,\"Sequence\":0,\"IncludeInScripting\":true},{\"Id\":\"6c5ec977-54e5-4817-8f6e-b02200856020\",\"ColumnName\":\"warehouse_id\",\"ColumnType\":\"DataSourceColumn\",\"ColumnTypeName\":\"Source Column\",\"Grouped\":false,\"AllowGroupBy\":true,\"AggregateFunction\":{\"ItemText\":\"First\",\"ItemValue\":\"4\"},\"ImageClass\":null,\"Sequence\":0,\"IncludeInScripting\":true},{\"Id\":\"89ad2bbb-4e14-4ad0-b18e-b02200856020\",\"ColumnName\":\"bin_name\",\"ColumnType\":\"DataSourceColumn\",\"ColumnTypeName\":\"Source Column\",\"Grouped\":true,\"AllowGroupBy\":true,\"AggregateFunction\":{\"ItemText\":\"First\",\"ItemValue\":\"4\"},\"ImageClass\":null,\"Sequence\":0,\"IncludeInScripting\":true},{\"Id\":\"0d664f5a-45eb-4d79-8bd0-b02200856025\",\"ColumnName\":\"location_id\",\"ColumnType\":\"DataSourceColumn\",\"ColumnTypeName\":\"Source Column\",\"Grouped\":false,\"AllowGroupBy\":true,\"AggregateFunction\":{\"ItemText\":\"First\",\"ItemValue\":\"4\"},\"ImageClass\":null,\"Sequence\":0,\"IncludeInScripting\":true},{\"Id\":\"0b8eb359-ca95-4635-b3fb-b02200856025\",\"ColumnName\":\"location_name\",\"ColumnType\":\"DataSourceColumn\",\"ColumnTypeName\":\"Source Column\",\"Grouped\":false,\"AllowGroupBy\":true,\"AggregateFunction\":{\"ItemText\":\"First\",\"ItemValue\":\"4\"},\"ImageClass\":null,\"Sequence\":0,\"IncludeInScripting\":true},{\"Id\":\"f836763f-d5db-4cb2-b587-b02200856025\",\"ColumnName\":\"warehouse_name\",\"ColumnType\":\"DataSourceColumn\",\"ColumnTypeName\":\"Source Column\",\"Grouped\":true,\"AllowGroupBy\":true,\"AggregateFunction\":{\"ItemText\":\"First\",\"ItemValue\":\"4\"},\"ImageClass\":null,\"Sequence\":0,\"IncludeInScripting\":true},{\"Id\":\"e29cd677-fa01-4264-86c5-b0220085602a\",\"ColumnName\":\"bin_id\",\"ColumnType\":\"DataSourceColumn\",\"ColumnTypeName\":\"Source Column\",\"Grouped\":false,\"AllowGroupBy\":true,\"AggregateFunction\":{\"ItemText\":\"First\",\"ItemValue\":\"4\"},\"ImageClass\":null,\"Sequence\":0,\"IncludeInScripting\":true}],\"TargetColumns\":[{\"Id\":\"00000000-0000-0000-0000-000000000000\",\"TypeString\":\"Edm.String\",\"Number\":6,\"TechnicalName\":\"binTypeCode\",\"TechnicalValue\":\"\",\"Name\":\"binTypeCode\",\"ColumnType\":{\"ItemText\":\"Source Column\",\"ItemValue\":\"DataSourceColumn\"},\"RequiredOrder\":false,\"ColumnSetting\":{\"Id\":\"00000000-0000-0000-0000-000000000000\",\"Column\":null,\"Grouped\":false,\"AggregateFunction\":null,\"Sequence\":0,\"IncludeInScripting\":false,\"ColumnName\":\"\",\"ColumnTypeName\":\"\"},\"ColumnSettingColumnName\":\"\",\"ColumnSettingColumnType\":{\"ItemText\":\"Source Column\",\"ItemValue\":\"DataSourceColumn\"},\"Error\":\"\",\"IsRequired\":false,\"AllowEdit\":true,\"AllowCreate\":true,\"Required\":\"N\",\"Options\":[]},{\"Id\":\"5ad388bd-c37b-423a-896f-b02200856859\",\"TypeString\":\"Edm.String\",\"Number\":2,\"TechnicalName\":\"code\",\"TechnicalValue\":\"\",\"Name\":\"code\",\"ColumnType\":{\"ItemText\":\"Source Column\",\"ItemValue\":\"DataSourceColumn\"},\"RequiredOrder\":false,\"ColumnSetting\":{\"Id\":\"3436ed15-23c0-4ab0-b4ed-b02200856859\",\"Column\":{\"Id\":\"89ad2bbb-4e14-4ad0-b18e-b02200856020\",\"Name\":\"bin_name\",\"TypeDisplayName\":\"Source Column\",\"MapId\":\"LOCATIONS_BINS_01_CW_BC\",\"Sequence\":0,\"ErrorInfo\":\"\"},\"Grouped\":true,\"AggregateFunction\":{\"ItemText\":\"First\",\"ItemValue\":\"4\"},\"Sequence\":0,\"IncludeInScripting\":true,\"ColumnName\":\"bin_name\",\"ColumnTypeName\":\"Source Column\"},\"ColumnSettingColumnName\":\"bin_name\",\"ColumnSettingColumnType\":{\"ItemText\":\"Source Column\",\"ItemValue\":\"DataSourceColumn\"},\"Error\":\"\",\"IsRequired\":false,\"AllowEdit\":true,\"AllowCreate\":true,\"Required\":\"N\",\"Options\":[]},{\"Id\":\"5ef35ddc-b8ae-4804-9844-b0220085685e\",\"TypeString\":\"Edm.String\",\"Number\":3,\"TechnicalName\":\"connectwiseId\",\"TechnicalValue\":\"\",\"Name\":\"connectwiseId\",\"ColumnType\":{\"ItemText\":\"Source Column\",\"ItemValue\":\"DataSourceColumn\"},\"RequiredOrder\":false,\"ColumnSetting\":{\"Id\":\"7e57d4d8-6ec3-4d2f-bbf5-b0220085685e\",\"Column\":{\"Id\":\"e29cd677-fa01-4264-86c5-b0220085602a\",\"Name\":\"bin_id\",\"TypeDisplayName\":\"Source Column\",\"MapId\":\"LOCATIONS_BINS_01_CW_BC\",\"Sequence\":0,\"ErrorInfo\":\"\"},\"Grouped\":false,\"AggregateFunction\":{\"ItemText\":\"First\",\"ItemValue\":\"4\"},\"Sequence\":0,\"IncludeInScripting\":true,\"ColumnName\":\"bin_id\",\"ColumnTypeName\":\"Source Column\"},\"ColumnSettingColumnName\":\"bin_id\",\"ColumnSettingColumnType\":{\"ItemText\":\"Source Column\",\"ItemValue\":\"DataSourceColumn\"},\"Error\":\"\",\"IsRequired\":false,\"AllowEdit\":true,\"AllowCreate\":true,\"Required\":\"N\",\"Options\":[]},{\"Id\":\"104088c7-fcb8-43e0-afae-b02200856862\",\"TypeString\":\"Edm.String\",\"Number\":5,\"TechnicalName\":\"description\",\"TechnicalValue\":\"\",\"Name\":\"description\",\"ColumnType\":{\"ItemText\":\"Source Column\",\"ItemValue\":\"DataSourceColumn\"},\"RequiredOrder\":false,\"ColumnSetting\":{\"Id\":\"3436ed15-23c0-4ab0-b4ed-b02200856859\",\"Column\":{\"Id\":\"89ad2bbb-4e14-4ad0-b18e-b02200856020\",\"Name\":\"bin_name\",\"TypeDisplayName\":\"Source Column\",\"MapId\":\"LOCATIONS_BINS_01_CW_BC\",\"Sequence\":0,\"ErrorInfo\":\"\"},\"Grouped\":true,\"AggregateFunction\":{\"ItemText\":\"First\",\"ItemValue\":\"4\"},\"Sequence\":0,\"IncludeInScripting\":true,\"ColumnName\":\"bin_name\",\"ColumnTypeName\":\"Source Column\"},\"ColumnSettingColumnName\":\"bin_name\",\"ColumnSettingColumnType\":{\"ItemText\":\"Source Column\",\"ItemValue\":\"DataSourceColumn\"},\"Error\":\"\",\"IsRequired\":false,\"AllowEdit\":true,\"AllowCreate\":true,\"Required\":\"N\",\"Options\":[]},{\"Id\":\"00000000-0000-0000-0000-000000000000\",\"TypeString\":\"Edm.Guid\",\"Number\":0,\"TechnicalName\":\"id\",\"TechnicalValue\":\"\",\"Name\":\"id\",\"ColumnType\":{\"ItemText\":\"Source Column\",\"ItemValue\":\"DataSourceColumn\"},\"RequiredOrder\":false,\"ColumnSetting\":{\"Id\":\"00000000-0000-0000-0000-000000000000\",\"Column\":null,\"Grouped\":false,\"AggregateFunction\":null,\"Sequence\":0,\"IncludeInScripting\":false,\"ColumnName\":\"\",\"ColumnTypeName\":\"\"},\"ColumnSettingColumnName\":\"\",\"ColumnSettingColumnType\":{\"ItemText\":\"Source Column\",\"ItemValue\":\"DataSourceColumn\"},\"Error\":\"\",\"IsRequired\":false,\"AllowEdit\":true,\"AllowCreate\":true,\"Required\":\"N\",\"Options\":[]},{\"Id\":\"8d11be9b-7c01-48ba-9f49-b02200856862\",\"TypeString\":\"Edm.String\",\"Number\":1,\"TechnicalName\":\"locationCode\",\"TechnicalValue\":\"\",\"Name\":\"locationCode\",\"ColumnType\":{\"ItemText\":\"Source Column\",\"ItemValue\":\"DataSourceColumn\"},\"RequiredOrder\":false,\"ColumnSetting\":{\"Id\":\"4f637a58-9304-4349-b433-b02200856862\",\"Column\":{\"Id\":\"f836763f-d5db-4cb2-b587-b02200856025\",\"Name\":\"warehouse_name\",\"TypeDisplayName\":\"Source Column\",\"MapId\":\"LOCATIONS_BINS_01_CW_BC\",\"Sequence\":0,\"ErrorInfo\":\"\"},\"Grouped\":true,\"AggregateFunction\":{\"ItemText\":\"First\",\"ItemValue\":\"4\"},\"Sequence\":0,\"IncludeInScripting\":true,\"ColumnName\":\"warehouse_name\",\"ColumnTypeName\":\"Source Column\"},\"ColumnSettingColumnName\":\"warehouse_name\",\"ColumnSettingColumnType\":{\"ItemText\":\"Source Column\",\"ItemValue\":\"DataSourceColumn\"},\"Error\":\"\",\"IsRequired\":false,\"AllowEdit\":true,\"AllowCreate\":true,\"Required\":\"N\",\"Options\":[]},{\"Id\":\"00000000-0000-0000-0000-000000000000\",\"TypeString\":\"Edm.String\",\"Number\":7,\"TechnicalName\":\"warehouseClassCode\",\"TechnicalValue\":\"\",\"Name\":\"warehouseClassCode\",\"ColumnType\":{\"ItemText\":\"Source Column\",\"ItemValue\":\"DataSourceColumn\"},\"RequiredOrder\":false,\"ColumnSetting\":{\"Id\":\"00000000-0000-0000-0000-000000000000\",\"Column\":null,\"Grouped\":false,\"AggregateFunction\":null,\"Sequence\":0,\"IncludeInScripting\":false,\"ColumnName\":\"\",\"ColumnTypeName\":\"\"},\"ColumnSettingColumnName\":\"\",\"ColumnSettingColumnType\":{\"ItemText\":\"Source Column\",\"ItemValue\":\"DataSourceColumn\"},\"Error\":\"\",\"IsRequired\":false,\"AllowEdit\":true,\"AllowCreate\":true,\"Required\":\"N\",\"Options\":[]},{\"Id\":\"00000000-0000-0000-0000-000000000000\",\"TypeString\":\"Edm.String\",\"Number\":4,\"TechnicalName\":\"zoneCode\",\"TechnicalValue\":\"\",\"Name\":\"zoneCode\",\"ColumnType\":{\"ItemText\":\"Source Column\",\"ItemValue\":\"DataSourceColumn\"},\"RequiredOrder\":false,\"ColumnSetting\":{\"Id\":\"00000000-0000-0000-0000-000000000000\",\"Column\":null,\"Grouped\":false,\"AggregateFunction\":null,\"Sequence\":0,\"IncludeInScripting\":false,\"ColumnName\":\"\",\"ColumnTypeName\":\"\"},\"ColumnSettingColumnName\":\"\",\"ColumnSettingColumnType\":{\"ItemText\":\"Source Column\",\"ItemValue\":\"DataSourceColumn\"},\"Error\":\"\",\"IsRequired\":false,\"AllowEdit\":true,\"AllowCreate\":true,\"Required\":\"N\",\"Options\":[]}],\"ParentColumns\":null,\"ModelErrors\":null,\"IsChild\":false,\"IsParent\":false,\"Level\":0,\"LevelDescription\":\"Location_bins\",\"ParentDescription\":null,\"ParentTechnicalName\":null,\"ParentTechnicalValue\":null,\"SaveSendResult\":false,\"SendResultFields\":[]}],\"AdditionalColumns\":[],\"AdditionalColumnsTypeList\":[{\"ItemText\":\"Calculation\",\"ItemValue\":\"CalculationColumn\"},{\"ItemText\":\"Custom Rolling Column\",\"ItemValue\":\"CustomRollingColumn\"},{\"ItemText\":\"Date Calculation\",\"ItemValue\":\"DateColumn\"},{\"ItemText\":\"Global Rolling Column\",\"ItemValue\":\"GlobalRollingColumn\"},{\"ItemText\":\"Local Constant\",\"ItemValue\":\"LocalConstantColumn\"},{\"ItemText\":\"MSSQL Lookup\",\"ItemValue\":\"MssqlLookupColumn\"},{\"ItemText\":\"OData Api Lookup\",\"ItemValue\":\"MsNavOdataApiLookupColumn\"},{\"ItemText\":\"OData Field Lookup\",\"ItemValue\":\"MsNavOdataFieldLookup\"},{\"ItemText\":\"Translation\",\"ItemValue\":\"TranslationColumn\"}],\"AggregateFunctionsList\":[{\"ItemText\":\"Concat\",\"ItemValue\":\"6\"},{\"ItemText\":\"First\",\"ItemValue\":\"4\"},{\"ItemText\":\"Last\",\"ItemValue\":\"5\"},{\"ItemText\":\"Max\",\"ItemValue\":\"3\"},{\"ItemText\":\"Min\",\"ItemValue\":\"2\"},{\"ItemText\":\"Sum\",\"ItemValue\":\"1\"}],\"ColumnTypesList\":[{\"ItemText\":\"Calculation\",\"ItemValue\":\"CalculationColumn\"},{\"ItemText\":\"Custom Rolling Column\",\"ItemValue\":\"CustomRollingColumn\"},{\"ItemText\":\"Date Calculation\",\"ItemValue\":\"DateColumn\"},{\"ItemText\":\"Global Rolling Column\",\"ItemValue\":\"GlobalRollingColumn\"},{\"ItemText\":\"List Option\",\"ItemValue\":\"ListColumn\"},{\"ItemText\":\"Local Constant\",\"ItemValue\":\"LocalConstantColumn\"},{\"ItemText\":\"OData Field Lookup\",\"ItemValue\":\"MsNavOdataFieldLookup\"},{\"ItemText\":\"Parent Source Column\",\"ItemValue\":\"ParentDataSourceColumn\"},{\"ItemText\":\"Source Column\",\"ItemValue\":\"DataSourceColumn\"},{\"ItemText\":\"Translation\",\"ItemValue\":\"TranslationColumn\"}],\"KeyFieldsList\":[{\"ItemText\":\"bin_id\",\"ItemValue\":\"bin_id\",\"IsDefault\":false},{\"ItemText\":\"bin_name\",\"ItemValue\":\"bin_name\",\"IsDefault\":false},{\"ItemText\":\"defaultFlag\",\"ItemValue\":\"defaultFlag\",\"IsDefault\":false},{\"ItemText\":\"location_id\",\"ItemValue\":\"location_id\",\"IsDefault\":false},{\"ItemText\":\"location_name\",\"ItemValue\":\"location_name\",\"IsDefault\":false},{\"ItemText\":\"warehouse_id\",\"ItemValue\":\"warehouse_id\",\"IsDefault\":false},{\"ItemText\":\"warehouse_name\",\"ItemValue\":\"warehouse_name\",\"IsDefault\":false}],\"Tasks\":[],\"MapOptions\":{\"NoDataOption\":\"success\",\"NoDataRunTasksOption\":\"RunAll\",\"BlankLineOption\":\"DoNothing\",\"ErrorProcessingFormat\":\"none\",\"EnableProcessErrors\":true,\"EnableSystemEventErrors\":true,\"ProcessErrorsLimit\":10,\"LogEnabled\":false,\"LogErrors\":false,\"LogXml\":false,\"LogSuccess\":false,\"LogDebugDocDetails\":false,\"LogDebugDocTasks\":false,\"LogDebugMapDetails\":false,\"LogDebugMapTasks\":false,\"ValidateDataTypes\":false,\"LogDebugDocItems\":false,\"LogDebugSchedule\":false,\"Owner\":\"ethan.sorenson@eonesolutions.com\",\"CreatedUser\":\"ethan.sorenson@eonesolutions.com\",\"IntegrationGroupId\":\"85e54141-aa7f-4cbe-8ae6-b00000a9a293\",\"IntegrationGroupName\":\"ConnectWise\",\"AllowAnyRun\":false,\"ScriptLanguage\":\"JavaScript\",\"ReturnSuccessIfNoData\":true,\"ConcatenationSeparator\":\"|\",\"FileOutputLimit\":10},\"Variables\":[],\"LoadErrors\":\"\",\"Notes\":[],\"Tenants\":[{\"Name\":\"CRONUS USA, Inc.\",\"ServerName\":\"NAV OData\",\"TechnicalName\":\"CRONUS USA, Inc.\",\"IsUserAdded\":false,\"Selected\":true,\"ConnectionInstanceId\":\"01bd75e4-d577-4978-b4c7-b00700ef9ac3\",\"ConnectionInstanceName\":\"Ethan US Sandbox\"},{\"Name\":\"My Company\",\"ServerName\":\"NAV OData\",\"TechnicalName\":\"My Company\",\"IsUserAdded\":false,\"Selected\":false,\"ConnectionInstanceId\":\"01bd75e4-d577-4978-b4c7-b00700ef9ac3\",\"ConnectionInstanceName\":\"Ethan US Sandbox\"}],\"TenantScript\":\"return \\u0027\\u0027;\"}","SourceType":"eOne.SmartConnect.Connectors.GenericRest.GenericRestDataSource","SourceTypeName":"Generic REST Data Source","TargetType":"eOne.SmartConnect.Connectors.NAV.Odata.MsNavOdataDestination","TargetTypeName":"Dynamics 365 Business Central OData","DataSource":"{\"entityId\":\"54b5f173-b9e3-4db6-92aa-afe5011d0f88\",\"EntityName\":\"01 All Warehouse Bins\",\"GroupName\":\"Inventory\",\"providerData\":\"ConnectWise 1.0.0.1\",\"fields\":[{\"name\":\"bin_id\",\"type\":\"Integer\",\"path\":\"id\",\"selected\":true,\"isCalc\":false,\"enumItems\":[]},{\"name\":\"bin_name\",\"type\":\"String\",\"path\":\"name\",\"selected\":true,\"isCalc\":false,\"enumItems\":[]},{\"name\":\"defaultFlag\",\"type\":\"Boolean\",\"path\":\"defaultFlag\",\"selected\":true,\"isCalc\":false,\"enumItems\":[]},{\"name\":\"location_id\",\"type\":\"Integer\",\"path\":\"location.id\",\"selected\":true,\"isCalc\":false,\"enumItems\":[]},{\"name\":\"location_name\",\"type\":\"String\",\"path\":\"location.name\",\"selected\":true,\"isCalc\":false,\"enumItems\":[]},{\"name\":\"warehouse_id\",\"type\":\"Integer\",\"path\":\"warehouse.id\",\"selected\":true,\"isCalc\":false,\"enumItems\":[]},{\"name\":\"warehouse_name\",\"type\":\"String\",\"path\":\"warehouse.name\",\"selected\":true,\"isCalc\":false,\"enumItems\":[]}],\"SourceType\":\"eOne.SmartConnect.Connectors.GenericRest.GenericRestDataSource\",\"SourceName\":\"01 All Warehouse Bins\",\"usedPlaceholders\":null,\"headers\":null,\"parameters\":null,\"body\":null,\"FriendlyName\":null,\"Name\":\"ConnectWise 1.0.0.1 Data Source\",\"ViewName\":null,\"LargeImage\":\"___5f365292-c701-4aa6-aa01-afe500eae5eb\",\"TypeName\":null,\"QueryText\":null,\"TrimStrings\":false,\"RegisteredConnectorId\":\"00000000-0000-0000-0000-000000000000\",\"ProviderName\":\"5aacf544-4e72-421c-a2e3-afe300a55e11\",\"ImageUrl\":\"https://app.smartconnect.com/files/getImage?id=5f365292-c701-4aa6-aa01-afe500eae5eb\",\"Id\":\"04ec4ce0-d18c-4b1f-9aa4-afe5012f324f\",\"ConnectionId\":\"f04d9445-eab6-43ed-962a-afe400e1ebe8\",\"Description\":\"01 All Warehouse Bins\",\"FromQueryBuilder\":false,\"FreeTextDatabaseName\":false}","DataSourceConnection":"","Destination":"{\"Services\":[{\"ItemText\":\"Location\",\"ItemValue\":\"Location\"}],\"IncludeLinks\":true,\"ToFile\":false,\"Company\":\"CRONUS USA, Inc.\",\"RemoveBlankProperties\":false,\"IgnoreUpdateConflicts\":false,\"DisableParallelSend\":true,\"CurrentInstance\":{\"ServiceUrl\":\"https://api.businesscentral.dynamics.com/v2.0/ee065533-ca31-465c-9697-723086c8e4c7/US/ODataV4\",\"UserName\":\"\",\"Password\":\"\",\"DefaultCompany\":\"CRONUS USA, Inc.\",\"AllowLongTimeout\":false,\"TimeoutMinutes\":5,\"RetryFailedRequests\":true,\"RetryCount\":10,\"Username\":\"ethan.sorenson@eones.onmicrosoft.com\",\"Companies\":[],\"InstanceType\":\"Dynamics 365 Business Central Odata\",\"Id\":\"01bd75e4-d577-4978-b4c7-b00700ef9ac3\",\"InstanceName\":\"\",\"Description\":\"Ethan US Sandbox\",\"IsDefault\":false,\"IsLocal\":false,\"LocalServerName\":\"00000000-0000-0000-0000-000000000000\",\"ImageUrl\":\"../../content/eone/connectors/dynamics_business_central_100.png\",\"SourceUrl\":\"../../msnav/source\",\"TargetUrl\":\"../../msnav/target\",\"CustomError\":\"\",\"ConnectionLinks\":null},\"DestinationType\":\"MsNavOdataDestination\",\"DestinationTypeFriendlyName\":\"Dynamics 365 Business Central OData\",\"Id\":\"f0a49274-f7b3-48af-aa71-b02200856000\",\"Args\":null,\"ImplementsClearFields\":false,\"OrganisationType\":null}","DestinationConnection":"","RequiresFile":false,"RequiredFileHolderId":"00000000-0000-0000-0000-000000000000","RequiredFiles":null,"Metadata":[],"Notes":""}