{"IntegrationId":"INVOICES_01_CW_BC","IntegrationName":"Retrieve List of Unposted ConnectWise Invoices","Integration":"{\"Id\":\"369e7aa1-821a-4725-ad74-b00300dfd177\",\"Name\":\"INVOICES_01_CW_BC\",\"Description\":\"Retrieve List of Unposted ConnectWise Invoices\",\"KeyFields\":[\"Type\"],\"DataSourceType\":\"Rest___5aacf544-4e72-421c-a2e3-afe300a55e11DataSourceAssociation\",\"DataSourceId\":\"c4aae6f6-f071-4867-ac5d-b062008394b9\",\"DataSourceDetailUrl\":null,\"DataSourceDisplayName\":null,\"DataSourceJson\":\"{\\\"entityId\\\":\\\"23a759f7-30c6-47e6-8b84-afe300a55e16\\\",\\\"EntityName\\\":\\\"01 List Unposted Invoices\\\",\\\"GroupName\\\":\\\"Sales\\\",\\\"providerData\\\":\\\"ConnectWise 1.0.0.1\\\",\\\"fields\\\":[{\\\"name\\\":\\\"billingLogId\\\",\\\"type\\\":\\\"Integer\\\",\\\"path\\\":\\\"billingLogId\\\",\\\"selected\\\":true,\\\"isCalc\\\":false,\\\"enumItems\\\":[]},{\\\"name\\\":\\\"id\\\",\\\"type\\\":\\\"Integer\\\",\\\"path\\\":\\\"id\\\",\\\"selected\\\":true,\\\"isCalc\\\":false,\\\"enumItems\\\":[]},{\\\"name\\\":\\\"id_string\\\",\\\"type\\\":\\\"String\\\",\\\"path\\\":\\\"\\\",\\\"selected\\\":true,\\\"isCalc\\\":true,\\\"enumItems\\\":[]},{\\\"name\\\":\\\"Type\\\",\\\"type\\\":\\\"String\\\",\\\"path\\\":\\\"\\\",\\\"selected\\\":true,\\\"isCalc\\\":true,\\\"enumItems\\\":[]}],\\\"SourceType\\\":\\\"eOne.SmartConnect.Connectors.GenericRest.GenericRestDataSource\\\",\\\"SourceName\\\":\\\"01 List Unposted Invoices\\\",\\\"usedPlaceholders\\\":null,\\\"headers\\\":null,\\\"parameters\\\":null,\\\"body\\\":null,\\\"FriendlyName\\\":null,\\\"Name\\\":\\\"ConnectWise 1.0.0.1 Data Source\\\",\\\"ViewName\\\":null,\\\"LargeImage\\\":\\\"___5f365292-c701-4aa6-aa01-afe500eae5eb\\\",\\\"TypeName\\\":null,\\\"QueryText\\\":null,\\\"TrimStrings\\\":false,\\\"RegisteredConnectorId\\\":\\\"00000000-0000-0000-0000-000000000000\\\",\\\"ProviderName\\\":\\\"5aacf544-4e72-421c-a2e3-afe300a55e11\\\",\\\"ImageUrl\\\":\\\"https://app.smartconnect.com/files/getImage?id=5f365292-c701-4aa6-aa01-afe500eae5eb\\\",\\\"Id\\\":\\\"149e9033-82c7-4c0a-a6c0-afe501302666\\\",\\\"ConnectionId\\\":\\\"f04d9445-eab6-43ed-962a-afe400e1ebe8\\\",\\\"Description\\\":\\\"01 List Unposted Invoices\\\",\\\"FromQueryBuilder\\\":false,\\\"FreeTextDatabaseName\\\":false}\",\"DestinationType\":\"eOne.SmartConnect.Connectors.GenericRest.GenericRestDestination\",\"DestinationId\":\"ac452e3a-4c2b-4e60-9312-b062008394b9\",\"DestinationDetailUrl\":null,\"DestinationDisplayName\":null,\"DestinationJson\":\"{\\\"connectionId\\\":\\\"f04d9445-eab6-43ed-962a-afe400e1ebe8\\\",\\\"setupId\\\":\\\"5aacf544-4e72-421c-a2e3-afe300a55e11\\\",\\\"actions\\\":[{\\\"id\\\":\\\"773fc5b9-e4ec-4146-a7f7-b00300df1d27\\\",\\\"name\\\":\\\"Save Ids\\\",\\\"entityName\\\":\\\"\\\",\\\"groupName\\\":\\\"Setup\\\"}],\\\"filePath\\\":null,\\\"toFile\\\":true,\\\"removeUnmapped\\\":false,\\\"providerName\\\":\\\"ConnectWise 1.0.0.1\\\",\\\"CurrentInstance\\\":{\\\"InstanceType\\\":\\\"(REST) ConnectWise 1.0.0.1\\\",\\\"Id\\\":\\\"f04d9445-eab6-43ed-962a-afe400e1ebe8\\\",\\\"InstanceName\\\":\\\"\\\",\\\"Description\\\":\\\"ConnectWise\\\",\\\"IsDefault\\\":false,\\\"IsLocal\\\":false,\\\"LocalServerName\\\":\\\"00000000-0000-0000-0000-000000000000\\\",\\\"ImageUrl\\\":\\\"https://app.smartconnect.com/files/getImage?id=5f365292-c701-4aa6-aa01-afe500eae5eb\\\",\\\"SourceUrl\\\":\\\"\\\",\\\"TargetUrl\\\":\\\"\\\",\\\"CustomError\\\":\\\"\\\",\\\"ConnectionLinks\\\":null},\\\"DestinationType\\\":\\\"GenericRestDestination\\\",\\\"DestinationTypeFriendlyName\\\":\\\"Generic REST Destination\\\",\\\"Id\\\":\\\"ac452e3a-4c2b-4e60-9312-b062008394b9\\\",\\\"Args\\\":null,\\\"ImplementsClearFields\\\":false,\\\"OrganisationType\\\":null}\",\"Lines\":[{\"Id\":\"b8296d38-a3dd-4d9d-9ad7-b00300dfd389\",\"Description\":\"Save Ids\",\"MapId\":\"INVOICES_01_CW_BC\",\"MapDescription\":\"Retrieve List of Unposted ConnectWise Invoices\",\"TechnicalName\":\"_773fc5b9-e4ec-4146-a7f7-b00300df1d27\",\"TechnicalValue\":\"\",\"ForDelete\":false,\"ForDeleteEnabled\":true,\"ForDeleteVisible\":false,\"UpdateIfExists\":false,\"UpdateIfExistsEnabled\":false,\"UpdateIfExistsVisible\":false,\"UpdateBlanks\":false,\"UpdateBlanksEnabled\":false,\"UpdateBlanksVisible\":false,\"Sequence\":1,\"LineNumber\":1,\"Mapped\":true,\"Grouped\":true,\"Restrictions\":\"return true;\",\"Allowed\":false,\"SourceColumns\":[{\"Id\":\"e0e72965-2aec-4fe5-a264-b00300dfd185\",\"ColumnName\":\"id\",\"ColumnType\":\"DataSourceColumn\",\"ColumnTypeName\":\"Source Column\",\"Grouped\":false,\"AllowGroupBy\":true,\"AggregateFunction\":{\"ItemText\":\"First\",\"ItemValue\":\"4\"},\"ImageClass\":null,\"Sequence\":0,\"IncludeInScripting\":true},{\"Id\":\"6922928e-262e-4d00-add1-b00300dfd185\",\"ColumnName\":\"id_string\",\"ColumnType\":\"DataSourceColumn\",\"ColumnTypeName\":\"Source Column\",\"Grouped\":false,\"AllowGroupBy\":true,\"AggregateFunction\":{\"ItemText\":\"First\",\"ItemValue\":\"4\"},\"ImageClass\":null,\"Sequence\":0,\"IncludeInScripting\":true},{\"Id\":\"5341a5c1-f5ae-4bd5-bba6-b00300dfd185\",\"ColumnName\":\"billingLogId\",\"ColumnType\":\"DataSourceColumn\",\"ColumnTypeName\":\"Source Column\",\"Grouped\":false,\"AllowGroupBy\":true,\"AggregateFunction\":{\"ItemText\":\"First\",\"ItemValue\":\"4\"},\"ImageClass\":null,\"Sequence\":0,\"IncludeInScripting\":true},{\"Id\":\"7d1f3a4b-ddeb-4a6e-9598-b00300e0e490\",\"ColumnName\":\"Type\",\"ColumnType\":\"DataSourceColumn\",\"ColumnTypeName\":\"Source Column\",\"Grouped\":true,\"AllowGroupBy\":true,\"AggregateFunction\":{\"ItemText\":\"First\",\"ItemValue\":\"4\"},\"ImageClass\":null,\"Sequence\":0,\"IncludeInScripting\":true}],\"TargetColumns\":[{\"Id\":\"cc15b42a-cd28-49e5-bdb6-b00300e0e6cc\",\"TypeString\":\"String\",\"Number\":1,\"TechnicalName\":\"Type\",\"TechnicalValue\":\"\",\"Name\":\"Type\",\"ColumnType\":{\"ItemText\":\"Source Column\",\"ItemValue\":\"DataSourceColumn\"},\"RequiredOrder\":false,\"ColumnSetting\":{\"Id\":\"d81da2f0-651c-48ec-9c97-b00300e0e6cc\",\"Column\":{\"Id\":\"7d1f3a4b-ddeb-4a6e-9598-b00300e0e490\",\"Name\":\"Type\",\"TypeDisplayName\":\"Source Column\",\"MapId\":\"INVOICES_01_CW_BC\",\"Sequence\":0,\"ErrorInfo\":\"\"},\"Grouped\":true,\"AggregateFunction\":{\"ItemText\":\"First\",\"ItemValue\":\"4\"},\"Sequence\":0,\"IncludeInScripting\":true,\"ColumnName\":\"Type\",\"ColumnTypeName\":\"Source Column\"},\"ColumnSettingColumnName\":\"Type\",\"ColumnSettingColumnType\":{\"ItemText\":\"Source Column\",\"ItemValue\":\"DataSourceColumn\"},\"Error\":\"\",\"IsRequired\":false,\"AllowEdit\":true,\"AllowCreate\":true,\"Required\":\"N\",\"Options\":[]}],\"ParentColumns\":null,\"ModelErrors\":null,\"IsChild\":false,\"IsParent\":false,\"Level\":0,\"LevelDescription\":\"Save Ids\",\"ParentDescription\":null,\"ParentTechnicalName\":null,\"ParentTechnicalValue\":null,\"SaveSendResult\":false,\"SendResultFields\":[]},{\"Id\":\"e052f63e-26cc-445c-8d8f-b00300e0e8ee\",\"Description\":\"Save Ids - parse ids\",\"MapId\":\"INVOICES_01_CW_BC\",\"MapDescription\":\"Retrieve List of Unposted ConnectWise Invoices\",\"TechnicalName\":\"_773fc5b9-e4ec-4146-a7f7-b00300df1d27___38737d0b-e94a-4957-9221-d8b06d763bde\",\"TechnicalValue\":\"\",\"ForDelete\":false,\"ForDeleteEnabled\":true,\"ForDeleteVisible\":false,\"UpdateIfExists\":false,\"UpdateIfExistsEnabled\":false,\"UpdateIfExistsVisible\":false,\"UpdateBlanks\":false,\"UpdateBlanksEnabled\":false,\"UpdateBlanksVisible\":false,\"Sequence\":2,\"LineNumber\":2,\"Mapped\":true,\"Grouped\":true,\"Restrictions\":\"//append Id to list for filter in map 2\\nthis.GBL_CW_UNPOSTED_IDS += this._id_string;\\nreturn true;\",\"Allowed\":false,\"SourceColumns\":[{\"Id\":\"e0e72965-2aec-4fe5-a264-b00300dfd185\",\"ColumnName\":\"id\",\"ColumnType\":\"DataSourceColumn\",\"ColumnTypeName\":\"Source Column\",\"Grouped\":false,\"AllowGroupBy\":true,\"AggregateFunction\":{\"ItemText\":\"First\",\"ItemValue\":\"4\"},\"ImageClass\":null,\"Sequence\":0,\"IncludeInScripting\":true},{\"Id\":\"6922928e-262e-4d00-add1-b00300dfd185\",\"ColumnName\":\"id_string\",\"ColumnType\":\"DataSourceColumn\",\"ColumnTypeName\":\"Source Column\",\"Grouped\":false,\"AllowGroupBy\":true,\"AggregateFunction\":{\"ItemText\":\"First\",\"ItemValue\":\"4\"},\"ImageClass\":null,\"Sequence\":0,\"IncludeInScripting\":true},{\"Id\":\"5341a5c1-f5ae-4bd5-bba6-b00300dfd185\",\"ColumnName\":\"billingLogId\",\"ColumnType\":\"DataSourceColumn\",\"ColumnTypeName\":\"Source Column\",\"Grouped\":true,\"AllowGroupBy\":true,\"AggregateFunction\":{\"ItemText\":\"First\",\"ItemValue\":\"4\"},\"ImageClass\":null,\"Sequence\":0,\"IncludeInScripting\":true},{\"Id\":\"7d1f3a4b-ddeb-4a6e-9598-b00300e0e490\",\"ColumnName\":\"Type\",\"ColumnType\":\"DataSourceColumn\",\"ColumnTypeName\":\"Source Column\",\"Grouped\":true,\"AllowGroupBy\":true,\"AggregateFunction\":{\"ItemText\":\"First\",\"ItemValue\":\"4\"},\"ImageClass\":null,\"Sequence\":0,\"IncludeInScripting\":true}],\"TargetColumns\":[{\"Id\":\"a65fd5c9-99ca-483d-8906-b00300e0e8f3\",\"TypeString\":\"String\",\"Number\":1,\"TechnicalName\":\"id\",\"TechnicalValue\":\"\",\"Name\":\"id\",\"ColumnType\":{\"ItemText\":\"Source Column\",\"ItemValue\":\"DataSourceColumn\"},\"RequiredOrder\":false,\"ColumnSetting\":{\"Id\":\"6c882d4c-bea3-4bdc-bb1d-b00300e0e8f3\",\"Column\":{\"Id\":\"5341a5c1-f5ae-4bd5-bba6-b00300dfd185\",\"Name\":\"billingLogId\",\"TypeDisplayName\":\"Source Column\",\"MapId\":\"INVOICES_01_CW_BC\",\"Sequence\":0,\"ErrorInfo\":\"\"},\"Grouped\":true,\"AggregateFunction\":{\"ItemText\":\"First\",\"ItemValue\":\"4\"},\"Sequence\":0,\"IncludeInScripting\":true,\"ColumnName\":\"billingLogId\",\"ColumnTypeName\":\"Source Column\"},\"ColumnSettingColumnName\":\"billingLogId\",\"ColumnSettingColumnType\":{\"ItemText\":\"Source Column\",\"ItemValue\":\"DataSourceColumn\"},\"Error\":\"\",\"IsRequired\":false,\"AllowEdit\":true,\"AllowCreate\":true,\"Required\":\"N\",\"Options\":[]}],\"ParentColumns\":null,\"ModelErrors\":null,\"IsChild\":false,\"IsParent\":false,\"Level\":0,\"LevelDescription\":\"Save Ids - parse ids\",\"ParentDescription\":null,\"ParentTechnicalName\":null,\"ParentTechnicalValue\":null,\"SaveSendResult\":false,\"SendResultFields\":[]}],\"AdditionalColumns\":[],\"AdditionalColumnsTypeList\":[{\"ItemText\":\"Calculation\",\"ItemValue\":\"CalculationColumn\"},{\"ItemText\":\"Custom Rolling Column\",\"ItemValue\":\"CustomRollingColumn\"},{\"ItemText\":\"Date Calculation\",\"ItemValue\":\"DateColumn\"},{\"ItemText\":\"Global Rolling Column\",\"ItemValue\":\"GlobalRollingColumn\"},{\"ItemText\":\"Local Constant\",\"ItemValue\":\"LocalConstantColumn\"},{\"ItemText\":\"MSSQL Lookup\",\"ItemValue\":\"MssqlLookupColumn\"},{\"ItemText\":\"REST Lookup\",\"ItemValue\":\"GenericRestLookupColumn\"},{\"ItemText\":\"Translation\",\"ItemValue\":\"TranslationColumn\"}],\"AggregateFunctionsList\":[{\"ItemText\":\"Concat\",\"ItemValue\":\"6\"},{\"ItemText\":\"First\",\"ItemValue\":\"4\"},{\"ItemText\":\"Last\",\"ItemValue\":\"5\"},{\"ItemText\":\"Max\",\"ItemValue\":\"3\"},{\"ItemText\":\"Min\",\"ItemValue\":\"2\"},{\"ItemText\":\"Sum\",\"ItemValue\":\"1\"}],\"ColumnTypesList\":[{\"ItemText\":\"Calculation\",\"ItemValue\":\"CalculationColumn\"},{\"ItemText\":\"Custom Rolling Column\",\"ItemValue\":\"CustomRollingColumn\"},{\"ItemText\":\"Date Calculation\",\"ItemValue\":\"DateColumn\"},{\"ItemText\":\"Global Rolling Column\",\"ItemValue\":\"GlobalRollingColumn\"},{\"ItemText\":\"List Option\",\"ItemValue\":\"ListColumn\"},{\"ItemText\":\"Local Constant\",\"ItemValue\":\"LocalConstantColumn\"},{\"ItemText\":\"Parent Source Column\",\"ItemValue\":\"ParentDataSourceColumn\"},{\"ItemText\":\"REST Lookup\",\"ItemValue\":\"GenericRestLookupColumn\"},{\"ItemText\":\"Source Column\",\"ItemValue\":\"DataSourceColumn\"},{\"ItemText\":\"Translation\",\"ItemValue\":\"TranslationColumn\"}],\"KeyFieldsList\":[{\"ItemText\":\"billingLogId\",\"ItemValue\":\"billingLogId\",\"IsDefault\":false},{\"ItemText\":\"id\",\"ItemValue\":\"id\",\"IsDefault\":false},{\"ItemText\":\"id_string\",\"ItemValue\":\"id_string\",\"IsDefault\":false},{\"ItemText\":\"Type\",\"ItemValue\":\"Type\",\"IsDefault\":false}],\"Tasks\":[{\"mapTaskId\":\"6d87c5b8-538f-43ce-b501-b00400e79d5b\",\"mapTaskName\":\"RUN_MAP_2\",\"mapTaskType\":\"Run Integration\",\"mapTaskStage\":5,\"mapTaskStageName\":\"Integration Post Success Tasks\",\"mapTaskSequence\":1,\"mapTaskOnFailure\":1,\"mapTaskOnSuccess\":1,\"mapTaskModel\":\"{\\\"RunMapID\\\":\\\"7f68ff37-3f7e-458f-a5da-b00300e171d9\\\",\\\"UseDataSourceFromParent\\\":false,\\\"UseGlobalsFromParent\\\":true,\\\"ShowInNewProcessTab\\\":true}\",\"mapTaskEnabled\":true}],\"MapOptions\":{\"NoDataOption\":\"success\",\"NoDataRunTasksOption\":\"RunNone\",\"BlankLineOption\":\"DoNothing\",\"ErrorProcessingFormat\":\"none\",\"EnableProcessErrors\":true,\"EnableSystemEventErrors\":true,\"ProcessErrorsLimit\":10,\"LogEnabled\":false,\"LogErrors\":false,\"LogXml\":false,\"LogSuccess\":false,\"LogDebugDocDetails\":false,\"LogDebugDocTasks\":false,\"LogDebugMapDetails\":false,\"LogDebugMapTasks\":false,\"ValidateDataTypes\":false,\"LogDebugDocItems\":false,\"LogDebugSchedule\":false,\"Owner\":\"ethan.sorenson@eonesolutions.com\",\"CreatedUser\":\"ethan.sorenson@eonesolutions.com\",\"IntegrationGroupId\":\"85e54141-aa7f-4cbe-8ae6-b00000a9a293\",\"IntegrationGroupName\":\"ConnectWise\",\"AllowAnyRun\":false,\"ScriptLanguage\":\"JavaScript\",\"ReturnSuccessIfNoData\":true,\"ConcatenationSeparator\":\"|\",\"FileOutputLimit\":10},\"Variables\":[{\"Id\":\"faafd3c3-33e9-4df6-b492-b00300e0e901\",\"GlobalVariable\":{\"Id\":\"e2753bc1-cb82-4cab-826a-afe5012deab0\",\"Name\":\"GBL_CW_UNPOSTED_IDS\",\"Value\":\"\",\"IsSecure\":false,\"IsSystem\":false},\"Value\":\"\",\"PersistValue\":false,\"SelectAtRuntime\":false,\"RuntimeValueType\":0,\"RuntimePrompt\":null,\"PersistValueOnErrorRun\":false,\"RequireValue\":true}],\"LoadErrors\":\"\",\"Notes\":[],\"Tenants\":[{\"Name\":\"GenericRest\",\"ServerName\":\"ConnectWise 1.0.0.1\",\"TechnicalName\":\"ConnectWise\",\"IsUserAdded\":false,\"Selected\":true,\"ConnectionInstanceId\":\"f04d9445-eab6-43ed-962a-afe400e1ebe8\",\"ConnectionInstanceName\":\"ConnectWise\"}],\"TenantScript\":\"return \\u0027\\u0027;\"}","SourceType":"eOne.SmartConnect.Connectors.GenericRest.GenericRestDataSource","SourceTypeName":"Generic REST Data Source","TargetType":"eOne.SmartConnect.Connectors.GenericRest.GenericRestDestination","TargetTypeName":"Generic REST Destination","DataSource":"{\"entityId\":\"23a759f7-30c6-47e6-8b84-afe300a55e16\",\"EntityName\":\"01 List Unposted Invoices\",\"GroupName\":\"Sales\",\"providerData\":\"ConnectWise 1.0.0.1\",\"fields\":[{\"name\":\"billingLogId\",\"type\":\"Integer\",\"path\":\"billingLogId\",\"selected\":true,\"isCalc\":false,\"enumItems\":[]},{\"name\":\"id\",\"type\":\"Integer\",\"path\":\"id\",\"selected\":true,\"isCalc\":false,\"enumItems\":[]},{\"name\":\"id_string\",\"type\":\"String\",\"path\":\"\",\"selected\":true,\"isCalc\":true,\"enumItems\":[]},{\"name\":\"Type\",\"type\":\"String\",\"path\":\"\",\"selected\":true,\"isCalc\":true,\"enumItems\":[]}],\"SourceType\":\"eOne.SmartConnect.Connectors.GenericRest.GenericRestDataSource\",\"SourceName\":\"01 List Unposted Invoices\",\"usedPlaceholders\":null,\"headers\":null,\"parameters\":null,\"body\":null,\"FriendlyName\":null,\"Name\":\"ConnectWise 1.0.0.1 Data Source\",\"ViewName\":null,\"LargeImage\":\"___5f365292-c701-4aa6-aa01-afe500eae5eb\",\"TypeName\":null,\"QueryText\":null,\"TrimStrings\":false,\"RegisteredConnectorId\":\"00000000-0000-0000-0000-000000000000\",\"ProviderName\":\"5aacf544-4e72-421c-a2e3-afe300a55e11\",\"ImageUrl\":\"https://app.smartconnect.com/files/getImage?id=5f365292-c701-4aa6-aa01-afe500eae5eb\",\"Id\":\"149e9033-82c7-4c0a-a6c0-afe501302666\",\"ConnectionId\":\"f04d9445-eab6-43ed-962a-afe400e1ebe8\",\"Description\":\"01 List Unposted Invoices\",\"FromQueryBuilder\":false,\"FreeTextDatabaseName\":false}","DataSourceConnection":"","Destination":"{\"connectionId\":\"f04d9445-eab6-43ed-962a-afe400e1ebe8\",\"setupId\":\"5aacf544-4e72-421c-a2e3-afe300a55e11\",\"actions\":[{\"id\":\"773fc5b9-e4ec-4146-a7f7-b00300df1d27\",\"name\":\"Save Ids\",\"entityName\":\"\",\"groupName\":\"Setup\"}],\"filePath\":null,\"toFile\":true,\"removeUnmapped\":false,\"providerName\":\"ConnectWise 1.0.0.1\",\"CurrentInstance\":{\"InstanceType\":\"(REST) ConnectWise 1.0.0.1\",\"Id\":\"f04d9445-eab6-43ed-962a-afe400e1ebe8\",\"InstanceName\":\"\",\"Description\":\"ConnectWise\",\"IsDefault\":false,\"IsLocal\":false,\"LocalServerName\":\"00000000-0000-0000-0000-000000000000\",\"ImageUrl\":\"https://app.smartconnect.com/files/getImage?id=5f365292-c701-4aa6-aa01-afe500eae5eb\",\"SourceUrl\":\"\",\"TargetUrl\":\"\",\"CustomError\":\"\",\"ConnectionLinks\":null},\"DestinationType\":\"GenericRestDestination\",\"DestinationTypeFriendlyName\":\"Generic REST Destination\",\"Id\":\"ac452e3a-4c2b-4e60-9312-b062008394b9\",\"Args\":null,\"ImplementsClearFields\":false,\"OrganisationType\":null}","DestinationConnection":"","RequiresFile":false,"RequiredFileHolderId":"00000000-0000-0000-0000-000000000000","RequiredFiles":null,"Metadata":[],"Notes":""}