{"IntegrationId":"PURCHASES_03_CW_BC","IntegrationName":"Collect Tax Line Ids for successfully posted Purchases for posting","Integration":"{\"Id\":\"2057c849-3c13-406f-b962-b045008bf756\",\"Name\":\"PURCHASES_03_CW_BC\",\"Description\":\"Collect Tax Line Ids for successfully posted Purchases for posting\",\"KeyFields\":[\"documentNumber\"],\"DataSourceType\":\"Rest___5aacf544-4e72-421c-a2e3-afe300a55e11DataSourceAssociation\",\"DataSourceId\":\"7f1589ec-f656-4f74-a0ab-b07a00d6230a\",\"DataSourceDetailUrl\":null,\"DataSourceDisplayName\":null,\"DataSourceJson\":\"{\\\"entityId\\\":\\\"234b94a3-92eb-450b-860a-b03700aaf31f\\\",\\\"EntityName\\\":\\\"03 Export Procurement Taxes\\\",\\\"GroupName\\\":\\\"Procurement\\\",\\\"providerData\\\":\\\"ConnectWise 1.0.0.1\\\",\\\"fields\\\":[{\\\"name\\\":\\\"documentNumber\\\",\\\"type\\\":\\\"String\\\",\\\"path\\\":\\\"purchaseTransactions.documentNumber\\\",\\\"selected\\\":true,\\\"isCalc\\\":false,\\\"enumItems\\\":[]},{\\\"name\\\":\\\"id_String\\\",\\\"type\\\":\\\"String\\\",\\\"path\\\":\\\"\\\",\\\"selected\\\":true,\\\"isCalc\\\":true,\\\"enumItems\\\":[]},{\\\"name\\\":\\\"Tax_id\\\",\\\"type\\\":\\\"Integer\\\",\\\"path\\\":\\\"purchaseTransactions.purchaseDetailTax.id\\\",\\\"selected\\\":true,\\\"isCalc\\\":false,\\\"enumItems\\\":[]}],\\\"SourceType\\\":\\\"eOne.SmartConnect.Connectors.GenericRest.GenericRestDataSource\\\",\\\"SourceName\\\":\\\"03 Export Procurement Taxes\\\",\\\"usedPlaceholders\\\":null,\\\"headers\\\":null,\\\"parameters\\\":null,\\\"body\\\":null,\\\"FriendlyName\\\":null,\\\"Name\\\":\\\"ConnectWise 1.0.0.1 Data Source\\\",\\\"ViewName\\\":null,\\\"LargeImage\\\":\\\"___5f365292-c701-4aa6-aa01-afe500eae5eb\\\",\\\"TypeName\\\":null,\\\"QueryText\\\":null,\\\"TrimStrings\\\":false,\\\"RegisteredConnectorId\\\":\\\"00000000-0000-0000-0000-000000000000\\\",\\\"ProviderName\\\":\\\"5aacf544-4e72-421c-a2e3-afe300a55e11\\\",\\\"ImageUrl\\\":\\\"https://app.smartconnect.com/files/getImage?id=5f365292-c701-4aa6-aa01-afe500eae5eb\\\",\\\"Id\\\":\\\"7bce36bf-e381-4224-be4a-b03700ab53ee\\\",\\\"ConnectionId\\\":\\\"f04d9445-eab6-43ed-962a-afe400e1ebe8\\\",\\\"Description\\\":\\\"03 Export Procurement Taxes\\\",\\\"FromQueryBuilder\\\":false,\\\"FreeTextDatabaseName\\\":false}\",\"DestinationType\":\"eOne.SmartConnect.Connectors.GenericRest.GenericRestDestination\",\"DestinationId\":\"05ed44b7-1d30-473a-94ff-b07a00d6230a\",\"DestinationDetailUrl\":null,\"DestinationDisplayName\":null,\"DestinationJson\":\"{\\\"connectionId\\\":\\\"f04d9445-eab6-43ed-962a-afe400e1ebe8\\\",\\\"setupId\\\":\\\"5aacf544-4e72-421c-a2e3-afe300a55e11\\\",\\\"actions\\\":[{\\\"id\\\":\\\"773fc5b9-e4ec-4146-a7f7-b00300df1d27\\\",\\\"name\\\":\\\"Save Ids\\\",\\\"entityName\\\":\\\"\\\",\\\"groupName\\\":\\\"Setup\\\"}],\\\"filePath\\\":null,\\\"toFile\\\":true,\\\"removeUnmapped\\\":false,\\\"providerName\\\":\\\"ConnectWise 1.0.0.1\\\",\\\"CurrentInstance\\\":{\\\"InstanceType\\\":\\\"(REST) ConnectWise 1.0.0.1\\\",\\\"Id\\\":\\\"f04d9445-eab6-43ed-962a-afe400e1ebe8\\\",\\\"InstanceName\\\":\\\"\\\",\\\"Description\\\":\\\"ConnectWise\\\",\\\"IsDefault\\\":false,\\\"IsLocal\\\":false,\\\"LocalServerName\\\":\\\"00000000-0000-0000-0000-000000000000\\\",\\\"ImageUrl\\\":\\\"https://app.smartconnect.com/files/getImage?id=5f365292-c701-4aa6-aa01-afe500eae5eb\\\",\\\"SourceUrl\\\":\\\"\\\",\\\"TargetUrl\\\":\\\"\\\",\\\"CustomError\\\":\\\"\\\",\\\"ConnectionLinks\\\":null},\\\"DestinationType\\\":\\\"GenericRestDestination\\\",\\\"DestinationTypeFriendlyName\\\":\\\"Generic REST Destination\\\",\\\"Id\\\":\\\"05ed44b7-1d30-473a-94ff-b07a00d6230a\\\",\\\"Args\\\":null,\\\"ImplementsClearFields\\\":false,\\\"OrganisationType\\\":null}\",\"Lines\":[{\"Id\":\"3ca4d4ab-3f42-472b-abcd-b045008bf8c9\",\"Description\":\"Save Ids\",\"MapId\":\"PURCHASES_03_CW_BC\",\"MapDescription\":\"Collect Tax Line Ids for successfully posted Purchases for posting\",\"TechnicalName\":\"_773fc5b9-e4ec-4146-a7f7-b00300df1d27\",\"TechnicalValue\":\"\",\"ForDelete\":false,\"ForDeleteEnabled\":true,\"ForDeleteVisible\":false,\"UpdateIfExists\":false,\"UpdateIfExistsEnabled\":false,\"UpdateIfExistsVisible\":false,\"UpdateBlanks\":false,\"UpdateBlanksEnabled\":false,\"UpdateBlanksVisible\":false,\"Sequence\":1,\"LineNumber\":1,\"Mapped\":true,\"Grouped\":true,\"Restrictions\":\"return true;\",\"Allowed\":false,\"SourceColumns\":[{\"Id\":\"7839d80b-97c4-4d65-90cd-b045008bf760\",\"ColumnName\":\"id_String\",\"ColumnType\":\"DataSourceColumn\",\"ColumnTypeName\":\"Source Column\",\"Grouped\":false,\"AllowGroupBy\":true,\"AggregateFunction\":{\"ItemText\":\"First\",\"ItemValue\":\"4\"},\"ImageClass\":null,\"Sequence\":0,\"IncludeInScripting\":true},{\"Id\":\"65a5a7a1-48ab-4b16-a526-b045008bf760\",\"ColumnName\":\"Tax_id\",\"ColumnType\":\"DataSourceColumn\",\"ColumnTypeName\":\"Source Column\",\"Grouped\":false,\"AllowGroupBy\":true,\"AggregateFunction\":{\"ItemText\":\"First\",\"ItemValue\":\"4\"},\"ImageClass\":null,\"Sequence\":0,\"IncludeInScripting\":true},{\"Id\":\"e2950c4a-038c-4cad-b834-b045008bf760\",\"ColumnName\":\"documentNumber\",\"ColumnType\":\"DataSourceColumn\",\"ColumnTypeName\":\"Source Column\",\"Grouped\":true,\"AllowGroupBy\":true,\"AggregateFunction\":{\"ItemText\":\"First\",\"ItemValue\":\"4\"},\"ImageClass\":null,\"Sequence\":0,\"IncludeInScripting\":true}],\"TargetColumns\":[{\"Id\":\"734ea488-29db-41bc-aa85-b045008bf8c9\",\"TypeString\":\"String\",\"Number\":1,\"TechnicalName\":\"Type\",\"TechnicalValue\":\"\",\"Name\":\"Type\",\"ColumnType\":{\"ItemText\":\"Source Column\",\"ItemValue\":\"DataSourceColumn\"},\"RequiredOrder\":false,\"ColumnSetting\":{\"Id\":\"9b50e059-c0e9-46af-a1ee-b045008bf8c9\",\"Column\":{\"Id\":\"e2950c4a-038c-4cad-b834-b045008bf760\",\"Name\":\"documentNumber\",\"TypeDisplayName\":\"Source Column\",\"MapId\":\"PURCHASES_03_CW_BC\",\"Sequence\":0,\"ErrorInfo\":\"\"},\"Grouped\":true,\"AggregateFunction\":{\"ItemText\":\"First\",\"ItemValue\":\"4\"},\"Sequence\":0,\"IncludeInScripting\":true,\"ColumnName\":\"documentNumber\",\"ColumnTypeName\":\"Source Column\"},\"ColumnSettingColumnName\":\"documentNumber\",\"ColumnSettingColumnType\":{\"ItemText\":\"Source Column\",\"ItemValue\":\"DataSourceColumn\"},\"Error\":\"\",\"IsRequired\":false,\"AllowEdit\":true,\"AllowCreate\":true,\"Required\":\"N\",\"Options\":[]}],\"ParentColumns\":null,\"ModelErrors\":null,\"IsChild\":false,\"IsParent\":false,\"Level\":0,\"LevelDescription\":\"Save Ids\",\"ParentDescription\":null,\"ParentTechnicalName\":null,\"ParentTechnicalValue\":null,\"SaveSendResult\":false,\"SendResultFields\":[]},{\"Id\":\"58672d8d-02c3-45cb-8a36-b045008bfa61\",\"Description\":\"Save Ids - parse ids\",\"MapId\":\"PURCHASES_03_CW_BC\",\"MapDescription\":\"Collect Tax Line Ids for successfully posted Purchases for posting\",\"TechnicalName\":\"_773fc5b9-e4ec-4146-a7f7-b00300df1d27___38737d0b-e94a-4957-9221-d8b06d763bde\",\"TechnicalValue\":\"\",\"ForDelete\":false,\"ForDeleteEnabled\":true,\"ForDeleteVisible\":false,\"UpdateIfExists\":false,\"UpdateIfExistsEnabled\":false,\"UpdateIfExistsVisible\":false,\"UpdateBlanks\":false,\"UpdateBlanksEnabled\":false,\"UpdateBlanksVisible\":false,\"Sequence\":2,\"LineNumber\":2,\"Mapped\":true,\"Grouped\":true,\"Restrictions\":\"//only append tax ids for successfully imported procurements\\nvar purchaseArray = this.GBL_CW_PROCUREMENT_IDS.split(\\\",\\\");\\nif (purchaseArray.includes(this._documentNumber)) {\\n  this.GBL_CW_ALL_IDS += this._id_String;\\n  return true;\\n} else {\\n  return false;\\n}\",\"Allowed\":false,\"SourceColumns\":[{\"Id\":\"7839d80b-97c4-4d65-90cd-b045008bf760\",\"ColumnName\":\"id_String\",\"ColumnType\":\"DataSourceColumn\",\"ColumnTypeName\":\"Source Column\",\"Grouped\":false,\"AllowGroupBy\":true,\"AggregateFunction\":{\"ItemText\":\"First\",\"ItemValue\":\"4\"},\"ImageClass\":null,\"Sequence\":0,\"IncludeInScripting\":true},{\"Id\":\"65a5a7a1-48ab-4b16-a526-b045008bf760\",\"ColumnName\":\"Tax_id\",\"ColumnType\":\"DataSourceColumn\",\"ColumnTypeName\":\"Source Column\",\"Grouped\":true,\"AllowGroupBy\":true,\"AggregateFunction\":{\"ItemText\":\"First\",\"ItemValue\":\"4\"},\"ImageClass\":null,\"Sequence\":0,\"IncludeInScripting\":true},{\"Id\":\"e2950c4a-038c-4cad-b834-b045008bf760\",\"ColumnName\":\"documentNumber\",\"ColumnType\":\"DataSourceColumn\",\"ColumnTypeName\":\"Source Column\",\"Grouped\":true,\"AllowGroupBy\":true,\"AggregateFunction\":{\"ItemText\":\"First\",\"ItemValue\":\"4\"},\"ImageClass\":null,\"Sequence\":0,\"IncludeInScripting\":true}],\"TargetColumns\":[{\"Id\":\"6df2669b-fd40-43df-bdcf-b045008bfa61\",\"TypeString\":\"String\",\"Number\":1,\"TechnicalName\":\"id\",\"TechnicalValue\":\"\",\"Name\":\"id\",\"ColumnType\":{\"ItemText\":\"Source Column\",\"ItemValue\":\"DataSourceColumn\"},\"RequiredOrder\":false,\"ColumnSetting\":{\"Id\":\"9f46cc9f-e306-46fb-88db-b045008bfa61\",\"Column\":{\"Id\":\"65a5a7a1-48ab-4b16-a526-b045008bf760\",\"Name\":\"Tax_id\",\"TypeDisplayName\":\"Source Column\",\"MapId\":\"PURCHASES_03_CW_BC\",\"Sequence\":0,\"ErrorInfo\":\"\"},\"Grouped\":true,\"AggregateFunction\":{\"ItemText\":\"First\",\"ItemValue\":\"4\"},\"Sequence\":0,\"IncludeInScripting\":true,\"ColumnName\":\"Tax_id\",\"ColumnTypeName\":\"Source Column\"},\"ColumnSettingColumnName\":\"Tax_id\",\"ColumnSettingColumnType\":{\"ItemText\":\"Source Column\",\"ItemValue\":\"DataSourceColumn\"},\"Error\":\"\",\"IsRequired\":false,\"AllowEdit\":true,\"AllowCreate\":true,\"Required\":\"N\",\"Options\":[]}],\"ParentColumns\":null,\"ModelErrors\":null,\"IsChild\":false,\"IsParent\":false,\"Level\":0,\"LevelDescription\":\"Save Ids - parse ids\",\"ParentDescription\":null,\"ParentTechnicalName\":null,\"ParentTechnicalValue\":null,\"SaveSendResult\":false,\"SendResultFields\":[]}],\"AdditionalColumns\":[],\"AdditionalColumnsTypeList\":[{\"ItemText\":\"Calculation\",\"ItemValue\":\"CalculationColumn\"},{\"ItemText\":\"Custom Rolling Column\",\"ItemValue\":\"CustomRollingColumn\"},{\"ItemText\":\"Date Calculation\",\"ItemValue\":\"DateColumn\"},{\"ItemText\":\"Global Rolling Column\",\"ItemValue\":\"GlobalRollingColumn\"},{\"ItemText\":\"Local Constant\",\"ItemValue\":\"LocalConstantColumn\"},{\"ItemText\":\"MSSQL Lookup\",\"ItemValue\":\"MssqlLookupColumn\"},{\"ItemText\":\"REST Lookup\",\"ItemValue\":\"GenericRestLookupColumn\"},{\"ItemText\":\"Translation\",\"ItemValue\":\"TranslationColumn\"}],\"AggregateFunctionsList\":[{\"ItemText\":\"Concat\",\"ItemValue\":\"6\"},{\"ItemText\":\"First\",\"ItemValue\":\"4\"},{\"ItemText\":\"Last\",\"ItemValue\":\"5\"},{\"ItemText\":\"Max\",\"ItemValue\":\"3\"},{\"ItemText\":\"Min\",\"ItemValue\":\"2\"},{\"ItemText\":\"Sum\",\"ItemValue\":\"1\"}],\"ColumnTypesList\":[{\"ItemText\":\"Calculation\",\"ItemValue\":\"CalculationColumn\"},{\"ItemText\":\"Custom Rolling Column\",\"ItemValue\":\"CustomRollingColumn\"},{\"ItemText\":\"Date Calculation\",\"ItemValue\":\"DateColumn\"},{\"ItemText\":\"Global Rolling Column\",\"ItemValue\":\"GlobalRollingColumn\"},{\"ItemText\":\"List Option\",\"ItemValue\":\"ListColumn\"},{\"ItemText\":\"Local Constant\",\"ItemValue\":\"LocalConstantColumn\"},{\"ItemText\":\"Parent Source Column\",\"ItemValue\":\"ParentDataSourceColumn\"},{\"ItemText\":\"REST Lookup\",\"ItemValue\":\"GenericRestLookupColumn\"},{\"ItemText\":\"Source Column\",\"ItemValue\":\"DataSourceColumn\"},{\"ItemText\":\"Translation\",\"ItemValue\":\"TranslationColumn\"}],\"KeyFieldsList\":[{\"ItemText\":\"documentNumber\",\"ItemValue\":\"documentNumber\",\"IsDefault\":false},{\"ItemText\":\"id_String\",\"ItemValue\":\"id_String\",\"IsDefault\":false},{\"ItemText\":\"Tax_id\",\"ItemValue\":\"Tax_id\",\"IsDefault\":false}],\"Tasks\":[{\"mapTaskId\":\"3ab856b1-a041-4d05-b035-b045008bfcda\",\"mapTaskName\":\"INIT_VARIABLES\",\"mapTaskType\":\"Run Script\",\"mapTaskStage\":1,\"mapTaskStageName\":\"Integration Pre Tasks\",\"mapTaskSequence\":1,\"mapTaskOnFailure\":1,\"mapTaskOnSuccess\":1,\"mapTaskModel\":\"{\\\"TaskType\\\":1,\\\"TaskName\\\":\\\"INIT_VARIABLES\\\",\\\"Sequence\\\":1,\\\"OnFailure\\\":1,\\\"OnSuccess\\\":1,\\\"Success\\\":false,\\\"UsesSourceFields\\\":false,\\\"Code\\\":\\\"//declare batch variable for posting map.\\\\nvar mystring = this.GBL_CW_BATCH;\\\\nmystring = this.GBL_CW_ALL_IDS;\\\\nreturn true;\\\"}\",\"mapTaskEnabled\":true},{\"mapTaskId\":\"aa6e1282-fcb4-4346-a90f-b07a00d6253e\",\"mapTaskName\":\"SUCCESS_RUN_MAP_4\",\"mapTaskType\":\"Run Integration\",\"mapTaskStage\":5,\"mapTaskStageName\":\"Integration Post Success Tasks\",\"mapTaskSequence\":3,\"mapTaskOnFailure\":1,\"mapTaskOnSuccess\":1,\"mapTaskModel\":\"{\\\"RunMapID\\\":\\\"ea2072e2-4b4d-4e5b-b6be-b045008d0fa8\\\",\\\"UseDataSourceFromParent\\\":true,\\\"UseGlobalsFromParent\\\":false,\\\"ShowInNewProcessTab\\\":false}\",\"mapTaskEnabled\":true}],\"MapOptions\":{\"NoDataOption\":\"success\",\"NoDataRunTasksOption\":\"RunAll\",\"BlankLineOption\":\"DoNothing\",\"ErrorProcessingFormat\":\"none\",\"EnableProcessErrors\":true,\"EnableSystemEventErrors\":true,\"ProcessErrorsLimit\":10,\"LogEnabled\":false,\"LogErrors\":false,\"LogXml\":false,\"LogSuccess\":false,\"LogDebugDocDetails\":false,\"LogDebugDocTasks\":false,\"LogDebugMapDetails\":false,\"LogDebugMapTasks\":false,\"ValidateDataTypes\":false,\"LogDebugDocItems\":false,\"LogDebugSchedule\":false,\"Owner\":\"ethan.sorenson@eonesolutions.com\",\"CreatedUser\":\"ethan.sorenson@eonesolutions.com\",\"IntegrationGroupId\":\"85e54141-aa7f-4cbe-8ae6-b00000a9a293\",\"IntegrationGroupName\":\"ConnectWise\",\"AllowAnyRun\":false,\"ScriptLanguage\":\"JavaScript\",\"ReturnSuccessIfNoData\":true,\"ConcatenationSeparator\":\"|\",\"FileOutputLimit\":10},\"Variables\":[{\"Id\":\"febc922f-36cf-4fbf-adbd-b045008bfd9b\",\"GlobalVariable\":{\"Id\":\"f702a97d-179d-42e8-97f3-ad5100a1d744\",\"Name\":\"GBL_CW_ALL_IDS\",\"Value\":\"\",\"IsSecure\":false,\"IsSystem\":false},\"Value\":\"\",\"PersistValue\":false,\"SelectAtRuntime\":false,\"RuntimeValueType\":0,\"RuntimePrompt\":null,\"PersistValueOnErrorRun\":false,\"RequireValue\":true},{\"Id\":\"8b239ab8-7ecc-44dd-9d5a-b045008bfd9f\",\"GlobalVariable\":{\"Id\":\"45e36088-8029-4e67-a31b-afa500b8f232\",\"Name\":\"GBL_CW_BATCH\",\"Value\":\"batch1\",\"IsSecure\":false,\"IsSystem\":false},\"Value\":\"batch1\",\"PersistValue\":false,\"SelectAtRuntime\":false,\"RuntimeValueType\":0,\"RuntimePrompt\":null,\"PersistValueOnErrorRun\":false,\"RequireValue\":true},{\"Id\":\"c471fefe-f24f-431a-b80a-b045008bf765\",\"GlobalVariable\":{\"Id\":\"e2753bc1-cb82-4cab-826a-afe5012deab0\",\"Name\":\"GBL_CW_UNPOSTED_IDS\",\"Value\":\"\",\"IsSecure\":false,\"IsSystem\":false},\"Value\":\"\",\"PersistValue\":false,\"SelectAtRuntime\":false,\"RuntimeValueType\":0,\"RuntimePrompt\":null,\"PersistValueOnErrorRun\":false,\"RequireValue\":true},{\"Id\":\"a02fa48f-7834-4ea7-bfb9-b045008bfd9f\",\"GlobalVariable\":{\"Id\":\"33bba625-33cb-40bd-ac49-b0450079b616\",\"Name\":\"GBL_CW_PROCUREMENT_IDS\",\"Value\":\"\",\"IsSecure\":false,\"IsSystem\":false},\"Value\":\"\",\"PersistValue\":false,\"SelectAtRuntime\":false,\"RuntimeValueType\":0,\"RuntimePrompt\":null,\"PersistValueOnErrorRun\":false,\"RequireValue\":true}],\"LoadErrors\":\"\",\"Notes\":[],\"Tenants\":[{\"Name\":\"GenericRest\",\"ServerName\":\"ConnectWise 1.0.0.1\",\"TechnicalName\":\"ConnectWise\",\"IsUserAdded\":false,\"Selected\":true,\"ConnectionInstanceId\":\"f04d9445-eab6-43ed-962a-afe400e1ebe8\",\"ConnectionInstanceName\":\"ConnectWise\"}],\"TenantScript\":\"return \\u0027\\u0027;\"}","SourceType":"eOne.SmartConnect.Connectors.GenericRest.GenericRestDataSource","SourceTypeName":"Generic REST Data Source","TargetType":"eOne.SmartConnect.Connectors.GenericRest.GenericRestDestination","TargetTypeName":"Generic REST Destination","DataSource":"{\"entityId\":\"234b94a3-92eb-450b-860a-b03700aaf31f\",\"EntityName\":\"03 Export Procurement Taxes\",\"GroupName\":\"Procurement\",\"providerData\":\"ConnectWise 1.0.0.1\",\"fields\":[{\"name\":\"documentNumber\",\"type\":\"String\",\"path\":\"purchaseTransactions.documentNumber\",\"selected\":true,\"isCalc\":false,\"enumItems\":[]},{\"name\":\"id_String\",\"type\":\"String\",\"path\":\"\",\"selected\":true,\"isCalc\":true,\"enumItems\":[]},{\"name\":\"Tax_id\",\"type\":\"Integer\",\"path\":\"purchaseTransactions.purchaseDetailTax.id\",\"selected\":true,\"isCalc\":false,\"enumItems\":[]}],\"SourceType\":\"eOne.SmartConnect.Connectors.GenericRest.GenericRestDataSource\",\"SourceName\":\"03 Export Procurement Taxes\",\"usedPlaceholders\":null,\"headers\":null,\"parameters\":null,\"body\":null,\"FriendlyName\":null,\"Name\":\"ConnectWise 1.0.0.1 Data Source\",\"ViewName\":null,\"LargeImage\":\"___5f365292-c701-4aa6-aa01-afe500eae5eb\",\"TypeName\":null,\"QueryText\":null,\"TrimStrings\":false,\"RegisteredConnectorId\":\"00000000-0000-0000-0000-000000000000\",\"ProviderName\":\"5aacf544-4e72-421c-a2e3-afe300a55e11\",\"ImageUrl\":\"https://app.smartconnect.com/files/getImage?id=5f365292-c701-4aa6-aa01-afe500eae5eb\",\"Id\":\"7bce36bf-e381-4224-be4a-b03700ab53ee\",\"ConnectionId\":\"f04d9445-eab6-43ed-962a-afe400e1ebe8\",\"Description\":\"03 Export Procurement Taxes\",\"FromQueryBuilder\":false,\"FreeTextDatabaseName\":false}","DataSourceConnection":"","Destination":"{\"connectionId\":\"f04d9445-eab6-43ed-962a-afe400e1ebe8\",\"setupId\":\"5aacf544-4e72-421c-a2e3-afe300a55e11\",\"actions\":[{\"id\":\"773fc5b9-e4ec-4146-a7f7-b00300df1d27\",\"name\":\"Save Ids\",\"entityName\":\"\",\"groupName\":\"Setup\"}],\"filePath\":null,\"toFile\":true,\"removeUnmapped\":false,\"providerName\":\"ConnectWise 1.0.0.1\",\"CurrentInstance\":{\"InstanceType\":\"(REST) ConnectWise 1.0.0.1\",\"Id\":\"f04d9445-eab6-43ed-962a-afe400e1ebe8\",\"InstanceName\":\"\",\"Description\":\"ConnectWise\",\"IsDefault\":false,\"IsLocal\":false,\"LocalServerName\":\"00000000-0000-0000-0000-000000000000\",\"ImageUrl\":\"https://app.smartconnect.com/files/getImage?id=5f365292-c701-4aa6-aa01-afe500eae5eb\",\"SourceUrl\":\"\",\"TargetUrl\":\"\",\"CustomError\":\"\",\"ConnectionLinks\":null},\"DestinationType\":\"GenericRestDestination\",\"DestinationTypeFriendlyName\":\"Generic REST Destination\",\"Id\":\"05ed44b7-1d30-473a-94ff-b07a00d6230a\",\"Args\":null,\"ImplementsClearFields\":false,\"OrganisationType\":null}","DestinationConnection":"","RequiresFile":false,"RequiredFileHolderId":"00000000-0000-0000-0000-000000000000","RequiredFiles":null,"Metadata":[],"Notes":""}