{"IntegrationId":"MEMBERS_01_CW_BC","IntegrationName":"ConnectWise Members as Business Central Vendors","Integration":"{\"Id\":\"e9dc2183-7058-4497-9c0b-b008008b42a3\",\"Name\":\"MEMBERS_01_CW_BC\",\"Description\":\"ConnectWise Members as Business Central Vendors\",\"KeyFields\":[\"vendor_number\"],\"DataSourceType\":\"Rest___5aacf544-4e72-421c-a2e3-afe300a55e11DataSourceAssociation\",\"DataSourceId\":\"a90490ee-da17-4a65-bce7-b03700a08c84\",\"DataSourceDetailUrl\":null,\"DataSourceDisplayName\":null,\"DataSourceJson\":\"{\\\"entityId\\\":\\\"1f1eb08c-f0b5-4845-a164-afe501252068\\\",\\\"EntityName\\\":\\\"01 Incremental Members\\\",\\\"GroupName\\\":\\\"Expense\\\",\\\"providerData\\\":\\\"ConnectWise 1.0.0.1\\\",\\\"fields\\\":[{\\\"name\\\":\\\"billableForecast\\\",\\\"type\\\":\\\"Float\\\",\\\"path\\\":\\\"billableForecast\\\",\\\"selected\\\":true,\\\"isCalc\\\":false,\\\"enumItems\\\":[]},{\\\"name\\\":\\\"dailyCapacity\\\",\\\"type\\\":\\\"Float\\\",\\\"path\\\":\\\"dailyCapacity\\\",\\\"selected\\\":true,\\\"isCalc\\\":false,\\\"enumItems\\\":[]},{\\\"name\\\":\\\"daysTolerance\\\",\\\"type\\\":\\\"Integer\\\",\\\"path\\\":\\\"daysTolerance\\\",\\\"selected\\\":true,\\\"isCalc\\\":false,\\\"enumItems\\\":[]},{\\\"name\\\":\\\"defaultDepartment identifier\\\",\\\"type\\\":\\\"String\\\",\\\"path\\\":\\\"defaultDepartment.identifier\\\",\\\"selected\\\":true,\\\"isCalc\\\":false,\\\"enumItems\\\":[]},{\\\"name\\\":\\\"firstName\\\",\\\"type\\\":\\\"String\\\",\\\"path\\\":\\\"firstName\\\",\\\"selected\\\":true,\\\"isCalc\\\":false,\\\"enumItems\\\":[]},{\\\"name\\\":\\\"hourlyCost\\\",\\\"type\\\":\\\"Float\\\",\\\"path\\\":\\\"hourlyCost\\\",\\\"selected\\\":true,\\\"isCalc\\\":false,\\\"enumItems\\\":[]},{\\\"name\\\":\\\"identifier\\\",\\\"type\\\":\\\"String\\\",\\\"path\\\":\\\"identifier\\\",\\\"selected\\\":true,\\\"isCalc\\\":false,\\\"enumItems\\\":[]},{\\\"name\\\":\\\"lastName\\\",\\\"type\\\":\\\"String\\\",\\\"path\\\":\\\"lastName\\\",\\\"selected\\\":true,\\\"isCalc\\\":false,\\\"enumItems\\\":[]},{\\\"name\\\":\\\"member_id\\\",\\\"type\\\":\\\"Integer\\\",\\\"path\\\":\\\"id\\\",\\\"selected\\\":true,\\\"isCalc\\\":false,\\\"enumItems\\\":[]},{\\\"name\\\":\\\"minimumHours\\\",\\\"type\\\":\\\"Float\\\",\\\"path\\\":\\\"minimumHours\\\",\\\"selected\\\":true,\\\"isCalc\\\":false,\\\"enumItems\\\":[]},{\\\"name\\\":\\\"officePhone\\\",\\\"type\\\":\\\"String\\\",\\\"path\\\":\\\"officePhone\\\",\\\"selected\\\":true,\\\"isCalc\\\":false,\\\"enumItems\\\":[]},{\\\"name\\\":\\\"primaryEmail\\\",\\\"type\\\":\\\"String\\\",\\\"path\\\":\\\"primaryEmail\\\",\\\"selected\\\":true,\\\"isCalc\\\":false,\\\"enumItems\\\":[]},{\\\"name\\\":\\\"scheduleCapacity\\\",\\\"type\\\":\\\"Float\\\",\\\"path\\\":\\\"scheduleCapacity\\\",\\\"selected\\\":true,\\\"isCalc\\\":false,\\\"enumItems\\\":[]},{\\\"name\\\":\\\"vendor_number\\\",\\\"type\\\":\\\"String\\\",\\\"path\\\":\\\"\\\",\\\"selected\\\":true,\\\"isCalc\\\":true,\\\"enumItems\\\":[]},{\\\"name\\\":\\\"workRole_name\\\",\\\"type\\\":\\\"String\\\",\\\"path\\\":\\\"workRole.name\\\",\\\"selected\\\":true,\\\"isCalc\\\":false,\\\"enumItems\\\":[]}],\\\"SourceType\\\":\\\"eOne.SmartConnect.Connectors.GenericRest.GenericRestDataSource\\\",\\\"SourceName\\\":\\\"01 Incremental Members\\\",\\\"usedPlaceholders\\\":null,\\\"headers\\\":null,\\\"parameters\\\":null,\\\"body\\\":null,\\\"FriendlyName\\\":null,\\\"Name\\\":\\\"ConnectWise 1.0.0.1 Data Source\\\",\\\"ViewName\\\":null,\\\"LargeImage\\\":\\\"___5f365292-c701-4aa6-aa01-afe500eae5eb\\\",\\\"TypeName\\\":null,\\\"QueryText\\\":null,\\\"TrimStrings\\\":false,\\\"RegisteredConnectorId\\\":\\\"00000000-0000-0000-0000-000000000000\\\",\\\"ProviderName\\\":\\\"5aacf544-4e72-421c-a2e3-afe300a55e11\\\",\\\"ImageUrl\\\":\\\"https://app.smartconnect.com/files/getImage?id=5f365292-c701-4aa6-aa01-afe500eae5eb\\\",\\\"Id\\\":\\\"e0fe50f3-e1b7-48d3-a7c0-afe5012f679c\\\",\\\"ConnectionId\\\":\\\"f04d9445-eab6-43ed-962a-afe400e1ebe8\\\",\\\"Description\\\":\\\"01 Incremental Members\\\",\\\"FromQueryBuilder\\\":false,\\\"FreeTextDatabaseName\\\":false}\",\"DestinationType\":\"eOne.SmartConnect.Connectors.NAV.Odata.MsNavOdataDestination\",\"DestinationId\":\"b77a5af9-1548-48c7-85a0-b03700a08c80\",\"DestinationDetailUrl\":null,\"DestinationDisplayName\":null,\"DestinationJson\":\"{\\\"Services\\\":[{\\\"ItemText\\\":\\\"VendorCreate\\\",\\\"ItemValue\\\":\\\"VendorCreate\\\"}],\\\"IncludeLinks\\\":false,\\\"ToFile\\\":false,\\\"Company\\\":\\\"CRONUS USA, Inc.\\\",\\\"RemoveBlankProperties\\\":false,\\\"IgnoreUpdateConflicts\\\":false,\\\"DisableParallelSend\\\":true,\\\"CurrentInstance\\\":{\\\"ServiceUrl\\\":\\\"https://api.businesscentral.dynamics.com/v2.0/ee065533-ca31-465c-9697-723086c8e4c7/US/ODataV4\\\",\\\"UserName\\\":\\\"\\\",\\\"Password\\\":\\\"\\\",\\\"DefaultCompany\\\":\\\"CRONUS USA, Inc.\\\",\\\"AllowLongTimeout\\\":false,\\\"TimeoutMinutes\\\":5,\\\"RetryFailedRequests\\\":true,\\\"RetryCount\\\":10,\\\"Username\\\":\\\"ethan.sorenson@eones.onmicrosoft.com\\\",\\\"Companies\\\":[],\\\"InstanceType\\\":\\\"Dynamics 365 Business Central Odata\\\",\\\"Id\\\":\\\"01bd75e4-d577-4978-b4c7-b00700ef9ac3\\\",\\\"InstanceName\\\":\\\"\\\",\\\"Description\\\":\\\"Ethan US Sandbox\\\",\\\"IsDefault\\\":false,\\\"IsLocal\\\":false,\\\"LocalServerName\\\":\\\"00000000-0000-0000-0000-000000000000\\\",\\\"ImageUrl\\\":\\\"../../content/eone/connectors/dynamics_business_central_100.png\\\",\\\"SourceUrl\\\":\\\"../../msnav/source\\\",\\\"TargetUrl\\\":\\\"../../msnav/target\\\",\\\"CustomError\\\":\\\"\\\",\\\"ConnectionLinks\\\":null},\\\"DestinationType\\\":\\\"MsNavOdataDestination\\\",\\\"DestinationTypeFriendlyName\\\":\\\"Dynamics 365 Business Central OData\\\",\\\"Id\\\":\\\"b77a5af9-1548-48c7-85a0-b03700a08c80\\\",\\\"Args\\\":null,\\\"ImplementsClearFields\\\":false,\\\"OrganisationType\\\":null}\",\"Lines\":[{\"Id\":\"404a52c3-91ed-4206-abbb-b02200888b2d\",\"Description\":\"VendorCreate\",\"MapId\":\"MEMBERS_01_CW_BC\",\"MapDescription\":\"ConnectWise Members as Business Central Vendors\",\"TechnicalName\":\"NAV_VendorCreate\",\"TechnicalValue\":\"NAV.VendorCreate\",\"ForDelete\":false,\"ForDeleteEnabled\":true,\"ForDeleteVisible\":true,\"UpdateIfExists\":true,\"UpdateIfExistsEnabled\":true,\"UpdateIfExistsVisible\":true,\"UpdateBlanks\":false,\"UpdateBlanksEnabled\":true,\"UpdateBlanksVisible\":false,\"Sequence\":2,\"LineNumber\":0,\"Mapped\":true,\"Grouped\":true,\"Restrictions\":\"return true;\",\"Allowed\":false,\"SourceColumns\":[{\"Id\":\"52a20ab6-f5f9-4e8d-a30e-b008008b42c3\",\"ColumnName\":\"firstName\",\"ColumnType\":\"DataSourceColumn\",\"ColumnTypeName\":\"Source Column\",\"Grouped\":false,\"AllowGroupBy\":true,\"AggregateFunction\":{\"ItemText\":\"First\",\"ItemValue\":\"4\"},\"ImageClass\":null,\"Sequence\":0,\"IncludeInScripting\":true},{\"Id\":\"c2dc6c5c-5afb-40f5-a31c-b008008b42c3\",\"ColumnName\":\"identifier\",\"ColumnType\":\"DataSourceColumn\",\"ColumnTypeName\":\"Source Column\",\"Grouped\":false,\"AllowGroupBy\":true,\"AggregateFunction\":{\"ItemText\":\"First\",\"ItemValue\":\"4\"},\"ImageClass\":null,\"Sequence\":0,\"IncludeInScripting\":true},{\"Id\":\"71b4be86-908d-4322-a69a-b008008b42c8\",\"ColumnName\":\"lastName\",\"ColumnType\":\"DataSourceColumn\",\"ColumnTypeName\":\"Source Column\",\"Grouped\":false,\"AllowGroupBy\":true,\"AggregateFunction\":{\"ItemText\":\"First\",\"ItemValue\":\"4\"},\"ImageClass\":null,\"Sequence\":0,\"IncludeInScripting\":true},{\"Id\":\"09fe5efa-7795-4b81-ae60-b008008b42cd\",\"ColumnName\":\"officePhone\",\"ColumnType\":\"DataSourceColumn\",\"ColumnTypeName\":\"Source Column\",\"Grouped\":false,\"AllowGroupBy\":true,\"AggregateFunction\":{\"ItemText\":\"First\",\"ItemValue\":\"4\"},\"ImageClass\":null,\"Sequence\":0,\"IncludeInScripting\":true},{\"Id\":\"46dd9dd9-06e0-4475-bcb0-b008008b42cd\",\"ColumnName\":\"primaryEmail\",\"ColumnType\":\"DataSourceColumn\",\"ColumnTypeName\":\"Source Column\",\"Grouped\":false,\"AllowGroupBy\":true,\"AggregateFunction\":{\"ItemText\":\"First\",\"ItemValue\":\"4\"},\"ImageClass\":null,\"Sequence\":0,\"IncludeInScripting\":true},{\"Id\":\"4808afb6-914c-4769-8bc1-b008008b42d1\",\"ColumnName\":\"workRole_name\",\"ColumnType\":\"DataSourceColumn\",\"ColumnTypeName\":\"Source Column\",\"Grouped\":false,\"AllowGroupBy\":true,\"AggregateFunction\":{\"ItemText\":\"First\",\"ItemValue\":\"4\"},\"ImageClass\":null,\"Sequence\":0,\"IncludeInScripting\":true},{\"Id\":\"98b7ee1f-bd83-4a3e-be87-b008008b42d1\",\"ColumnName\":\"defaultDepartmentidentifier\",\"ColumnType\":\"DataSourceColumn\",\"ColumnTypeName\":\"Source Column\",\"Grouped\":false,\"AllowGroupBy\":true,\"AggregateFunction\":{\"ItemText\":\"First\",\"ItemValue\":\"4\"},\"ImageClass\":null,\"Sequence\":0,\"IncludeInScripting\":true},{\"Id\":\"fbf55c69-82a1-4288-84f0-b008008b42d6\",\"ColumnName\":\"billableForecast\",\"ColumnType\":\"DataSourceColumn\",\"ColumnTypeName\":\"Source Column\",\"Grouped\":false,\"AllowGroupBy\":true,\"AggregateFunction\":{\"ItemText\":\"First\",\"ItemValue\":\"4\"},\"ImageClass\":null,\"Sequence\":0,\"IncludeInScripting\":true},{\"Id\":\"f5e8da1c-2661-4d8a-8424-b008008b42db\",\"ColumnName\":\"dailyCapacity\",\"ColumnType\":\"DataSourceColumn\",\"ColumnTypeName\":\"Source Column\",\"Grouped\":false,\"AllowGroupBy\":true,\"AggregateFunction\":{\"ItemText\":\"First\",\"ItemValue\":\"4\"},\"ImageClass\":null,\"Sequence\":0,\"IncludeInScripting\":true},{\"Id\":\"6226244f-f1be-4ef3-8c47-b008008b42db\",\"ColumnName\":\"hourlyCost\",\"ColumnType\":\"DataSourceColumn\",\"ColumnTypeName\":\"Source Column\",\"Grouped\":false,\"AllowGroupBy\":true,\"AggregateFunction\":{\"ItemText\":\"First\",\"ItemValue\":\"4\"},\"ImageClass\":null,\"Sequence\":0,\"IncludeInScripting\":true},{\"Id\":\"b0a8dee2-1662-4785-b528-b008008b42df\",\"ColumnName\":\"daysTolerance\",\"ColumnType\":\"DataSourceColumn\",\"ColumnTypeName\":\"Source Column\",\"Grouped\":false,\"AllowGroupBy\":true,\"AggregateFunction\":{\"ItemText\":\"First\",\"ItemValue\":\"4\"},\"ImageClass\":null,\"Sequence\":0,\"IncludeInScripting\":true},{\"Id\":\"78dcd0ad-c4e1-480f-bd53-b008008b42df\",\"ColumnName\":\"minimumHours\",\"ColumnType\":\"DataSourceColumn\",\"ColumnTypeName\":\"Source Column\",\"Grouped\":false,\"AllowGroupBy\":true,\"AggregateFunction\":{\"ItemText\":\"First\",\"ItemValue\":\"4\"},\"ImageClass\":null,\"Sequence\":0,\"IncludeInScripting\":true},{\"Id\":\"c10d37d2-b393-441a-954c-b008008b42e4\",\"ColumnName\":\"scheduleCapacity\",\"ColumnType\":\"DataSourceColumn\",\"ColumnTypeName\":\"Source Column\",\"Grouped\":false,\"AllowGroupBy\":true,\"AggregateFunction\":{\"ItemText\":\"First\",\"ItemValue\":\"4\"},\"ImageClass\":null,\"Sequence\":0,\"IncludeInScripting\":true},{\"Id\":\"16ca2853-5d37-416f-9994-b008008b42e4\",\"ColumnName\":\"vendor_number\",\"ColumnType\":\"DataSourceColumn\",\"ColumnTypeName\":\"Source Column\",\"Grouped\":true,\"AllowGroupBy\":true,\"AggregateFunction\":{\"ItemText\":\"First\",\"ItemValue\":\"4\"},\"ImageClass\":null,\"Sequence\":0,\"IncludeInScripting\":true},{\"Id\":\"55022c98-aafa-4d40-900c-b022008a08a1\",\"ColumnName\":\"member_id\",\"ColumnType\":\"DataSourceColumn\",\"ColumnTypeName\":\"Source Column\",\"Grouped\":false,\"AllowGroupBy\":true,\"AggregateFunction\":{\"ItemText\":\"First\",\"ItemValue\":\"4\"},\"ImageClass\":null,\"Sequence\":0,\"IncludeInScripting\":true}],\"TargetColumns\":[{\"Id\":\"00000000-0000-0000-0000-000000000000\",\"TypeString\":\"Edm.String\",\"Number\":4,\"TechnicalName\":\"addressLine1\",\"TechnicalValue\":\"\",\"Name\":\"addressLine1\",\"ColumnType\":{\"ItemText\":\"Source Column\",\"ItemValue\":\"DataSourceColumn\"},\"RequiredOrder\":false,\"ColumnSetting\":{\"Id\":\"00000000-0000-0000-0000-000000000000\",\"Column\":null,\"Grouped\":false,\"AggregateFunction\":null,\"Sequence\":0,\"IncludeInScripting\":false,\"ColumnName\":\"\",\"ColumnTypeName\":\"\"},\"ColumnSettingColumnName\":\"\",\"ColumnSettingColumnType\":{\"ItemText\":\"Source Column\",\"ItemValue\":\"DataSourceColumn\"},\"Error\":\"\",\"IsRequired\":false,\"AllowEdit\":true,\"AllowCreate\":true,\"Required\":\"N\",\"Options\":[]},{\"Id\":\"00000000-0000-0000-0000-000000000000\",\"TypeString\":\"Edm.String\",\"Number\":5,\"TechnicalName\":\"addressLine2\",\"TechnicalValue\":\"\",\"Name\":\"addressLine2\",\"ColumnType\":{\"ItemText\":\"Source Column\",\"ItemValue\":\"DataSourceColumn\"},\"RequiredOrder\":false,\"ColumnSetting\":{\"Id\":\"00000000-0000-0000-0000-000000000000\",\"Column\":null,\"Grouped\":false,\"AggregateFunction\":null,\"Sequence\":0,\"IncludeInScripting\":false,\"ColumnName\":\"\",\"ColumnTypeName\":\"\"},\"ColumnSettingColumnName\":\"\",\"ColumnSettingColumnType\":{\"ItemText\":\"Source Column\",\"ItemValue\":\"DataSourceColumn\"},\"Error\":\"\",\"IsRequired\":false,\"AllowEdit\":true,\"AllowCreate\":true,\"Required\":\"N\",\"Options\":[]},{\"Id\":\"00000000-0000-0000-0000-000000000000\",\"TypeString\":\"Edm.Decimal\",\"Number\":25,\"TechnicalName\":\"balance\",\"TechnicalValue\":\"\",\"Name\":\"balance\",\"ColumnType\":{\"ItemText\":\"Source Column\",\"ItemValue\":\"DataSourceColumn\"},\"RequiredOrder\":false,\"ColumnSetting\":{\"Id\":\"00000000-0000-0000-0000-000000000000\",\"Column\":null,\"Grouped\":false,\"AggregateFunction\":null,\"Sequence\":0,\"IncludeInScripting\":false,\"ColumnName\":\"\",\"ColumnTypeName\":\"\"},\"ColumnSettingColumnName\":\"\",\"ColumnSettingColumnType\":{\"ItemText\":\"Source Column\",\"ItemValue\":\"DataSourceColumn\"},\"Error\":\"\",\"IsRequired\":false,\"AllowEdit\":true,\"AllowCreate\":true,\"Required\":\"N\",\"Options\":[]},{\"Id\":\"00000000-0000-0000-0000-000000000000\",\"TypeString\":\"Edm.String\",\"Number\":19,\"TechnicalName\":\"blocked\",\"TechnicalValue\":\"\",\"Name\":\"blocked\",\"ColumnType\":{\"ItemText\":\"Source Column\",\"ItemValue\":\"DataSourceColumn\"},\"RequiredOrder\":false,\"ColumnSetting\":{\"Id\":\"00000000-0000-0000-0000-000000000000\",\"Column\":null,\"Grouped\":false,\"AggregateFunction\":null,\"Sequence\":0,\"IncludeInScripting\":false,\"ColumnName\":\"\",\"ColumnTypeName\":\"\"},\"ColumnSettingColumnName\":\"\",\"ColumnSettingColumnType\":{\"ItemText\":\"Source Column\",\"ItemValue\":\"DataSourceColumn\"},\"Error\":\"\",\"IsRequired\":false,\"AllowEdit\":true,\"AllowCreate\":true,\"Required\":\"N\",\"Options\":[]},{\"Id\":\"00000000-0000-0000-0000-000000000000\",\"TypeString\":\"Edm.String\",\"Number\":6,\"TechnicalName\":\"city\",\"TechnicalValue\":\"\",\"Name\":\"city\",\"ColumnType\":{\"ItemText\":\"Source Column\",\"ItemValue\":\"DataSourceColumn\"},\"RequiredOrder\":false,\"ColumnSetting\":{\"Id\":\"00000000-0000-0000-0000-000000000000\",\"Column\":null,\"Grouped\":false,\"AggregateFunction\":null,\"Sequence\":0,\"IncludeInScripting\":false,\"ColumnName\":\"\",\"ColumnTypeName\":\"\"},\"ColumnSettingColumnName\":\"\",\"ColumnSettingColumnType\":{\"ItemText\":\"Source Column\",\"ItemValue\":\"DataSourceColumn\"},\"Error\":\"\",\"IsRequired\":false,\"AllowEdit\":true,\"AllowCreate\":true,\"Required\":\"N\",\"Options\":[]},{\"Id\":\"9a4240b9-8179-4575-92c7-b022008a17cb\",\"TypeString\":\"Edm.String\",\"Number\":2,\"TechnicalName\":\"connectwiseId\",\"TechnicalValue\":\"\",\"Name\":\"connectwiseId\",\"ColumnType\":{\"ItemText\":\"Source Column\",\"ItemValue\":\"DataSourceColumn\"},\"RequiredOrder\":false,\"ColumnSetting\":{\"Id\":\"c71d9c4e-3498-4820-8dd4-b022008a17cb\",\"Column\":{\"Id\":\"55022c98-aafa-4d40-900c-b022008a08a1\",\"Name\":\"member_id\",\"TypeDisplayName\":\"Source Column\",\"MapId\":\"MEMBERS_01_CW_BC\",\"Sequence\":0,\"ErrorInfo\":\"\"},\"Grouped\":false,\"AggregateFunction\":{\"ItemText\":\"First\",\"ItemValue\":\"4\"},\"Sequence\":0,\"IncludeInScripting\":true,\"ColumnName\":\"member_id\",\"ColumnTypeName\":\"Source Column\"},\"ColumnSettingColumnName\":\"member_id\",\"ColumnSettingColumnType\":{\"ItemText\":\"Source Column\",\"ItemValue\":\"DataSourceColumn\"},\"Error\":\"\",\"IsRequired\":false,\"AllowEdit\":true,\"AllowCreate\":true,\"Required\":\"N\",\"Options\":[]},{\"Id\":\"00000000-0000-0000-0000-000000000000\",\"TypeString\":\"Edm.String\",\"Number\":8,\"TechnicalName\":\"countryCode\",\"TechnicalValue\":\"\",\"Name\":\"countryCode\",\"ColumnType\":{\"ItemText\":\"Source Column\",\"ItemValue\":\"DataSourceColumn\"},\"RequiredOrder\":false,\"ColumnSetting\":{\"Id\":\"00000000-0000-0000-0000-000000000000\",\"Column\":null,\"Grouped\":false,\"AggregateFunction\":null,\"Sequence\":0,\"IncludeInScripting\":false,\"ColumnName\":\"\",\"ColumnTypeName\":\"\"},\"ColumnSettingColumnName\":\"\",\"ColumnSettingColumnType\":{\"ItemText\":\"Source Column\",\"ItemValue\":\"DataSourceColumn\"},\"Error\":\"\",\"IsRequired\":false,\"AllowEdit\":true,\"AllowCreate\":true,\"Required\":\"N\",\"Options\":[]},{\"Id\":\"00000000-0000-0000-0000-000000000000\",\"TypeString\":\"Edm.String\",\"Number\":7,\"TechnicalName\":\"county\",\"TechnicalValue\":\"\",\"Name\":\"county\",\"ColumnType\":{\"ItemText\":\"Source Column\",\"ItemValue\":\"DataSourceColumn\"},\"RequiredOrder\":false,\"ColumnSetting\":{\"Id\":\"00000000-0000-0000-0000-000000000000\",\"Column\":null,\"Grouped\":false,\"AggregateFunction\":null,\"Sequence\":0,\"IncludeInScripting\":false,\"ColumnName\":\"\",\"ColumnTypeName\":\"\"},\"ColumnSettingColumnName\":\"\",\"ColumnSettingColumnType\":{\"ItemText\":\"Source Column\",\"ItemValue\":\"DataSourceColumn\"},\"Error\":\"\",\"IsRequired\":false,\"AllowEdit\":true,\"AllowCreate\":true,\"Required\":\"N\",\"Options\":[]},{\"Id\":\"00000000-0000-0000-0000-000000000000\",\"TypeString\":\"Edm.String\",\"Number\":37,\"TechnicalName\":\"Currency_Filter\",\"TechnicalValue\":\"\",\"Name\":\"Currency_Filter\",\"ColumnType\":{\"ItemText\":\"Source Column\",\"ItemValue\":\"DataSourceColumn\"},\"RequiredOrder\":false,\"ColumnSetting\":{\"Id\":\"00000000-0000-0000-0000-000000000000\",\"Column\":null,\"Grouped\":false,\"AggregateFunction\":null,\"Sequence\":0,\"IncludeInScripting\":false,\"ColumnName\":\"\",\"ColumnTypeName\":\"\"},\"ColumnSettingColumnName\":\"\",\"ColumnSettingColumnType\":{\"ItemText\":\"Source Column\",\"ItemValue\":\"DataSourceColumn\"},\"Error\":\"\",\"IsRequired\":false,\"AllowEdit\":true,\"AllowCreate\":true,\"Required\":\"N\",\"Options\":[]},{\"Id\":\"00000000-0000-0000-0000-000000000000\",\"TypeString\":\"Edm.String\",\"Number\":14,\"TechnicalName\":\"currencyCode\",\"TechnicalValue\":\"\",\"Name\":\"currencyCode\",\"ColumnType\":{\"ItemText\":\"Source Column\",\"ItemValue\":\"DataSourceColumn\"},\"RequiredOrder\":false,\"ColumnSetting\":{\"Id\":\"00000000-0000-0000-0000-000000000000\",\"Column\":null,\"Grouped\":false,\"AggregateFunction\":null,\"Sequence\":0,\"IncludeInScripting\":false,\"ColumnName\":\"\",\"ColumnTypeName\":\"\"},\"ColumnSettingColumnName\":\"\",\"ColumnSettingColumnType\":{\"ItemText\":\"Source Column\",\"ItemValue\":\"DataSourceColumn\"},\"Error\":\"\",\"IsRequired\":false,\"AllowEdit\":true,\"AllowCreate\":true,\"Required\":\"N\",\"Options\":[]},{\"Id\":\"b4173c17-1aed-42f6-96a7-b02200888b37\",\"TypeString\":\"Edm.String\",\"Number\":3,\"TechnicalName\":\"displayName\",\"TechnicalValue\":\"\",\"Name\":\"displayName\",\"ColumnType\":{\"ItemText\":\"Calculation\",\"ItemValue\":\"CalculationColumn\"},\"RequiredOrder\":false,\"ColumnSetting\":{\"Id\":\"8131c77e-5fd7-44bc-8860-b02200888b37\",\"Column\":{\"Id\":\"5ab4a82a-321b-49ef-b45f-b02200887d38\",\"Name\":\"CALC_FULL_NAME\",\"TypeDisplayName\":\"Calculation\",\"MapId\":\"MEMBERS_01_CW_BC\",\"Sequence\":101,\"ErrorInfo\":\"\"},\"Grouped\":false,\"AggregateFunction\":{\"ItemText\":\"First\",\"ItemValue\":\"4\"},\"Sequence\":101,\"IncludeInScripting\":false,\"ColumnName\":\"CALC_FULL_NAME\",\"ColumnTypeName\":\"Calculation\"},\"ColumnSettingColumnName\":\"CALC_FULL_NAME\",\"ColumnSettingColumnType\":{\"ItemText\":\"Calculation\",\"ItemValue\":\"CalculationColumn\"},\"Error\":\"\",\"IsRequired\":false,\"AllowEdit\":true,\"AllowCreate\":true,\"Required\":\"N\",\"Options\":[]},{\"Id\":\"39385ec8-b672-4807-8aae-b02200888b3b\",\"TypeString\":\"Edm.String\",\"Number\":11,\"TechnicalName\":\"email\",\"TechnicalValue\":\"\",\"Name\":\"email\",\"ColumnType\":{\"ItemText\":\"Source Column\",\"ItemValue\":\"DataSourceColumn\"},\"RequiredOrder\":false,\"ColumnSetting\":{\"Id\":\"4b0c205a-9323-4d5f-8e5c-b02200888b3b\",\"Column\":{\"Id\":\"46dd9dd9-06e0-4475-bcb0-b008008b42cd\",\"Name\":\"primaryEmail\",\"TypeDisplayName\":\"Source Column\",\"MapId\":\"MEMBERS_01_CW_BC\",\"Sequence\":0,\"ErrorInfo\":\"\"},\"Grouped\":false,\"AggregateFunction\":{\"ItemText\":\"First\",\"ItemValue\":\"4\"},\"Sequence\":0,\"IncludeInScripting\":true,\"ColumnName\":\"primaryEmail\",\"ColumnTypeName\":\"Source Column\"},\"ColumnSettingColumnName\":\"primaryEmail\",\"ColumnSettingColumnType\":{\"ItemText\":\"Source Column\",\"ItemValue\":\"DataSourceColumn\"},\"Error\":\"\",\"IsRequired\":false,\"AllowEdit\":true,\"AllowCreate\":true,\"Required\":\"N\",\"Options\":[]},{\"Id\":\"721b0f6d-6781-4f94-8098-b02200888b40\",\"TypeString\":\"Edm.String\",\"Number\":21,\"TechnicalName\":\"generalBusPostingGroupCode\",\"TechnicalValue\":\"\",\"Name\":\"generalBusPostingGroupCode\",\"ColumnType\":{\"ItemText\":\"Local Constant\",\"ItemValue\":\"LocalConstantColumn\"},\"RequiredOrder\":false,\"ColumnSetting\":{\"Id\":\"556d0227-f752-4cf1-a510-b02200888b40\",\"Column\":{\"Id\":\"6ff0dc81-386c-4a61-be0f-b00a00602d33\",\"Name\":\"LOCAL_GEN_BUS_POSTING\",\"TypeDisplayName\":\"Local Constant\",\"MapId\":\"MEMBERS_01_CW_BC\",\"Sequence\":99,\"ErrorInfo\":\"\"},\"Grouped\":false,\"AggregateFunction\":{\"ItemText\":\"First\",\"ItemValue\":\"4\"},\"Sequence\":99,\"IncludeInScripting\":false,\"ColumnName\":\"LOCAL_GEN_BUS_POSTING\",\"ColumnTypeName\":\"Local Constant\"},\"ColumnSettingColumnName\":\"LOCAL_GEN_BUS_POSTING\",\"ColumnSettingColumnType\":{\"ItemText\":\"Local Constant\",\"ItemValue\":\"LocalConstantColumn\"},\"Error\":\"\",\"IsRequired\":false,\"AllowEdit\":true,\"AllowCreate\":true,\"Required\":\"N\",\"Options\":[]},{\"Id\":\"00000000-0000-0000-0000-000000000000\",\"TypeString\":\"Edm.String\",\"Number\":35,\"TechnicalName\":\"Global_Dimension_1_Filter\",\"TechnicalValue\":\"\",\"Name\":\"Global_Dimension_1_Filter\",\"ColumnType\":{\"ItemText\":\"Source Column\",\"ItemValue\":\"DataSourceColumn\"},\"RequiredOrder\":false,\"ColumnSetting\":{\"Id\":\"00000000-0000-0000-0000-000000000000\",\"Column\":null,\"Grouped\":false,\"AggregateFunction\":null,\"Sequence\":0,\"IncludeInScripting\":false,\"ColumnName\":\"\",\"ColumnTypeName\":\"\"},\"ColumnSettingColumnName\":\"\",\"ColumnSettingColumnType\":{\"ItemText\":\"Source Column\",\"ItemValue\":\"DataSourceColumn\"},\"Error\":\"\",\"IsRequired\":false,\"AllowEdit\":true,\"AllowCreate\":true,\"Required\":\"N\",\"Options\":[]},{\"Id\":\"00000000-0000-0000-0000-000000000000\",\"TypeString\":\"Edm.String\",\"Number\":36,\"TechnicalName\":\"Global_Dimension_2_Filter\",\"TechnicalValue\":\"\",\"Name\":\"Global_Dimension_2_Filter\",\"ColumnType\":{\"ItemText\":\"Source Column\",\"ItemValue\":\"DataSourceColumn\"},\"RequiredOrder\":false,\"ColumnSetting\":{\"Id\":\"00000000-0000-0000-0000-000000000000\",\"Column\":null,\"Grouped\":false,\"AggregateFunction\":null,\"Sequence\":0,\"IncludeInScripting\":false,\"ColumnName\":\"\",\"ColumnTypeName\":\"\"},\"ColumnSettingColumnName\":\"\",\"ColumnSettingColumnType\":{\"ItemText\":\"Source Column\",\"ItemValue\":\"DataSourceColumn\"},\"Error\":\"\",\"IsRequired\":false,\"AllowEdit\":true,\"AllowCreate\":true,\"Required\":\"N\",\"Options\":[]},{\"Id\":\"00000000-0000-0000-0000-000000000000\",\"TypeString\":\"Edm.Guid\",\"Number\":0,\"TechnicalName\":\"id\",\"TechnicalValue\":\"\",\"Name\":\"id\",\"ColumnType\":{\"ItemText\":\"Source Column\",\"ItemValue\":\"DataSourceColumn\"},\"RequiredOrder\":false,\"ColumnSetting\":{\"Id\":\"00000000-0000-0000-0000-000000000000\",\"Column\":null,\"Grouped\":false,\"AggregateFunction\":null,\"Sequence\":0,\"IncludeInScripting\":false,\"ColumnName\":\"\",\"ColumnTypeName\":\"\"},\"ColumnSettingColumnName\":\"\",\"ColumnSettingColumnType\":{\"ItemText\":\"Source Column\",\"ItemValue\":\"DataSourceColumn\"},\"Error\":\"\",\"IsRequired\":false,\"AllowEdit\":true,\"AllowCreate\":true,\"Required\":\"N\",\"Options\":[]},{\"Id\":\"00000000-0000-0000-0000-000000000000\",\"TypeString\":\"Edm.String\",\"Number\":15,\"TechnicalName\":\"irs1099Code\",\"TechnicalValue\":\"\",\"Name\":\"irs1099Code\",\"ColumnType\":{\"ItemText\":\"Source Column\",\"ItemValue\":\"DataSourceColumn\"},\"RequiredOrder\":false,\"ColumnSetting\":{\"Id\":\"00000000-0000-0000-0000-000000000000\",\"Column\":null,\"Grouped\":false,\"AggregateFunction\":null,\"Sequence\":0,\"IncludeInScripting\":false,\"ColumnName\":\"\",\"ColumnTypeName\":\"\"},\"ColumnSettingColumnName\":\"\",\"ColumnSettingColumnType\":{\"ItemText\":\"Source Column\",\"ItemValue\":\"DataSourceColumn\"},\"Error\":\"\",\"IsRequired\":false,\"AllowEdit\":true,\"AllowCreate\":true,\"Required\":\"N\",\"Options\":[]},{\"Id\":\"00000000-0000-0000-0000-000000000000\",\"TypeString\":\"Edm.DateTimeOffset\",\"Number\":26,\"TechnicalName\":\"lastModifiedDateTime\",\"TechnicalValue\":\"\",\"Name\":\"lastModifiedDateTime\",\"ColumnType\":{\"ItemText\":\"Source Column\",\"ItemValue\":\"DataSourceColumn\"},\"RequiredOrder\":false,\"ColumnSetting\":{\"Id\":\"00000000-0000-0000-0000-000000000000\",\"Column\":null,\"Grouped\":false,\"AggregateFunction\":null,\"Sequence\":0,\"IncludeInScripting\":false,\"ColumnName\":\"\",\"ColumnTypeName\":\"\"},\"ColumnSettingColumnName\":\"\",\"ColumnSettingColumnType\":{\"ItemText\":\"Source Column\",\"ItemValue\":\"DataSourceColumn\"},\"Error\":\"\",\"IsRequired\":false,\"AllowEdit\":true,\"AllowCreate\":true,\"Required\":\"N\",\"Options\":[]},{\"Id\":\"00000000-0000-0000-0000-000000000000\",\"TypeString\":\"Edm.String\",\"Number\":20,\"TechnicalName\":\"locationCode\",\"TechnicalValue\":\"\",\"Name\":\"locationCode\",\"ColumnType\":{\"ItemText\":\"Source Column\",\"ItemValue\":\"DataSourceColumn\"},\"RequiredOrder\":false,\"ColumnSetting\":{\"Id\":\"00000000-0000-0000-0000-000000000000\",\"Column\":null,\"Grouped\":false,\"AggregateFunction\":null,\"Sequence\":0,\"IncludeInScripting\":false,\"ColumnName\":\"\",\"ColumnTypeName\":\"\"},\"ColumnSettingColumnName\":\"\",\"ColumnSettingColumnType\":{\"ItemText\":\"Source Column\",\"ItemValue\":\"DataSourceColumn\"},\"Error\":\"\",\"IsRequired\":false,\"AllowEdit\":true,\"AllowCreate\":true,\"Required\":\"N\",\"Options\":[]},{\"Id\":\"cff52f33-5e9e-4a50-ac65-b022008a17cf\",\"TypeString\":\"Edm.String\",\"Number\":1,\"TechnicalName\":\"number\",\"TechnicalValue\":\"\",\"Name\":\"number\",\"ColumnType\":{\"ItemText\":\"Source Column\",\"ItemValue\":\"DataSourceColumn\"},\"RequiredOrder\":false,\"ColumnSetting\":{\"Id\":\"c2d88094-0778-472a-a742-b022008a17cf\",\"Column\":{\"Id\":\"16ca2853-5d37-416f-9994-b008008b42e4\",\"Name\":\"vendor_number\",\"TypeDisplayName\":\"Source Column\",\"MapId\":\"MEMBERS_01_CW_BC\",\"Sequence\":0,\"ErrorInfo\":\"\"},\"Grouped\":true,\"AggregateFunction\":{\"ItemText\":\"First\",\"ItemValue\":\"4\"},\"Sequence\":0,\"IncludeInScripting\":true,\"ColumnName\":\"vendor_number\",\"ColumnTypeName\":\"Source Column\"},\"ColumnSettingColumnName\":\"vendor_number\",\"ColumnSettingColumnType\":{\"ItemText\":\"Source Column\",\"ItemValue\":\"DataSourceColumn\"},\"Error\":\"\",\"IsRequired\":false,\"AllowEdit\":true,\"AllowCreate\":true,\"Required\":\"N\",\"Options\":[]},{\"Id\":\"00000000-0000-0000-0000-000000000000\",\"TypeString\":\"Edm.String\",\"Number\":17,\"TechnicalName\":\"paymentMethodCode\",\"TechnicalValue\":\"\",\"Name\":\"paymentMethodCode\",\"ColumnType\":{\"ItemText\":\"Source Column\",\"ItemValue\":\"DataSourceColumn\"},\"RequiredOrder\":false,\"ColumnSetting\":{\"Id\":\"00000000-0000-0000-0000-000000000000\",\"Column\":null,\"Grouped\":false,\"AggregateFunction\":null,\"Sequence\":0,\"IncludeInScripting\":false,\"ColumnName\":\"\",\"ColumnTypeName\":\"\"},\"ColumnSettingColumnName\":\"\",\"ColumnSettingColumnType\":{\"ItemText\":\"Source Column\",\"ItemValue\":\"DataSourceColumn\"},\"Error\":\"\",\"IsRequired\":false,\"AllowEdit\":true,\"AllowCreate\":true,\"Required\":\"N\",\"Options\":[]},{\"Id\":\"00000000-0000-0000-0000-000000000000\",\"TypeString\":\"Edm.String\",\"Number\":16,\"TechnicalName\":\"paymentTermsCode\",\"TechnicalValue\":\"\",\"Name\":\"paymentTermsCode\",\"ColumnType\":{\"ItemText\":\"Source Column\",\"ItemValue\":\"DataSourceColumn\"},\"RequiredOrder\":false,\"ColumnSetting\":{\"Id\":\"00000000-0000-0000-0000-000000000000\",\"Column\":null,\"Grouped\":false,\"AggregateFunction\":null,\"Sequence\":0,\"IncludeInScripting\":false,\"ColumnName\":\"\",\"ColumnTypeName\":\"\"},\"ColumnSettingColumnName\":\"\",\"ColumnSettingColumnType\":{\"ItemText\":\"Source Column\",\"ItemValue\":\"DataSourceColumn\"},\"Error\":\"\",\"IsRequired\":false,\"AllowEdit\":true,\"AllowCreate\":true,\"Required\":\"N\",\"Options\":[]},{\"Id\":\"7eb7cfb9-8d08-4140-8eb0-b02200888b49\",\"TypeString\":\"Edm.String\",\"Number\":10,\"TechnicalName\":\"phoneNumber\",\"TechnicalValue\":\"\",\"Name\":\"phoneNumber\",\"ColumnType\":{\"ItemText\":\"Source Column\",\"ItemValue\":\"DataSourceColumn\"},\"RequiredOrder\":false,\"ColumnSetting\":{\"Id\":\"dd9321d8-4471-4534-a96d-b02200888b49\",\"Column\":{\"Id\":\"09fe5efa-7795-4b81-ae60-b008008b42cd\",\"Name\":\"officePhone\",\"TypeDisplayName\":\"Source Column\",\"MapId\":\"MEMBERS_01_CW_BC\",\"Sequence\":0,\"ErrorInfo\":\"\"},\"Grouped\":false,\"AggregateFunction\":{\"ItemText\":\"First\",\"ItemValue\":\"4\"},\"Sequence\":0,\"IncludeInScripting\":true,\"ColumnName\":\"officePhone\",\"ColumnTypeName\":\"Source Column\"},\"ColumnSettingColumnName\":\"officePhone\",\"ColumnSettingColumnType\":{\"ItemText\":\"Source Column\",\"ItemValue\":\"DataSourceColumn\"},\"Error\":\"\",\"IsRequired\":false,\"AllowEdit\":true,\"AllowCreate\":true,\"Required\":\"N\",\"Options\":[]},{\"Id\":\"00000000-0000-0000-0000-000000000000\",\"TypeString\":\"Edm.String\",\"Number\":9,\"TechnicalName\":\"postalCode\",\"TechnicalValue\":\"\",\"Name\":\"postalCode\",\"ColumnType\":{\"ItemText\":\"Source Column\",\"ItemValue\":\"DataSourceColumn\"},\"RequiredOrder\":false,\"ColumnSetting\":{\"Id\":\"00000000-0000-0000-0000-000000000000\",\"Column\":null,\"Grouped\":false,\"AggregateFunction\":null,\"Sequence\":0,\"IncludeInScripting\":false,\"ColumnName\":\"\",\"ColumnTypeName\":\"\"},\"ColumnSettingColumnName\":\"\",\"ColumnSettingColumnType\":{\"ItemText\":\"Source Column\",\"ItemValue\":\"DataSourceColumn\"},\"Error\":\"\",\"IsRequired\":false,\"AllowEdit\":true,\"AllowCreate\":true,\"Required\":\"N\",\"Options\":[]},{\"Id\":\"00000000-0000-0000-0000-000000000000\",\"TypeString\":\"Edm.String\",\"Number\":24,\"TechnicalName\":\"primaryContactNumber\",\"TechnicalValue\":\"\",\"Name\":\"primaryContactNumber\",\"ColumnType\":{\"ItemText\":\"Source Column\",\"ItemValue\":\"DataSourceColumn\"},\"RequiredOrder\":false,\"ColumnSetting\":{\"Id\":\"00000000-0000-0000-0000-000000000000\",\"Column\":null,\"Grouped\":false,\"AggregateFunction\":null,\"Sequence\":0,\"IncludeInScripting\":false,\"ColumnName\":\"\",\"ColumnTypeName\":\"\"},\"ColumnSettingColumnName\":\"\",\"ColumnSettingColumnType\":{\"ItemText\":\"Source Column\",\"ItemValue\":\"DataSourceColumn\"},\"Error\":\"\",\"IsRequired\":false,\"AllowEdit\":true,\"AllowCreate\":true,\"Required\":\"N\",\"Options\":[]},{\"Id\":\"00000000-0000-0000-0000-000000000000\",\"TypeString\":\"Edm.String\",\"Number\":29,\"TechnicalName\":\"shortcutDim3Code\",\"TechnicalValue\":\"\",\"Name\":\"shortcutDim3Code\",\"ColumnType\":{\"ItemText\":\"Source Column\",\"ItemValue\":\"DataSourceColumn\"},\"RequiredOrder\":false,\"ColumnSetting\":{\"Id\":\"00000000-0000-0000-0000-000000000000\",\"Column\":null,\"Grouped\":false,\"AggregateFunction\":null,\"Sequence\":0,\"IncludeInScripting\":false,\"ColumnName\":\"\",\"ColumnTypeName\":\"\"},\"ColumnSettingColumnName\":\"\",\"ColumnSettingColumnType\":{\"ItemText\":\"Source Column\",\"ItemValue\":\"DataSourceColumn\"},\"Error\":\"\",\"IsRequired\":false,\"AllowEdit\":true,\"AllowCreate\":true,\"Required\":\"N\",\"Options\":[]},{\"Id\":\"00000000-0000-0000-0000-000000000000\",\"TypeString\":\"Edm.String\",\"Number\":30,\"TechnicalName\":\"shortcutDim4Code\",\"TechnicalValue\":\"\",\"Name\":\"shortcutDim4Code\",\"ColumnType\":{\"ItemText\":\"Source Column\",\"ItemValue\":\"DataSourceColumn\"},\"RequiredOrder\":false,\"ColumnSetting\":{\"Id\":\"00000000-0000-0000-0000-000000000000\",\"Column\":null,\"Grouped\":false,\"AggregateFunction\":null,\"Sequence\":0,\"IncludeInScripting\":false,\"ColumnName\":\"\",\"ColumnTypeName\":\"\"},\"ColumnSettingColumnName\":\"\",\"ColumnSettingColumnType\":{\"ItemText\":\"Source Column\",\"ItemValue\":\"DataSourceColumn\"},\"Error\":\"\",\"IsRequired\":false,\"AllowEdit\":true,\"AllowCreate\":true,\"Required\":\"N\",\"Options\":[]},{\"Id\":\"00000000-0000-0000-0000-000000000000\",\"TypeString\":\"Edm.String\",\"Number\":31,\"TechnicalName\":\"shortcutDim5Code\",\"TechnicalValue\":\"\",\"Name\":\"shortcutDim5Code\",\"ColumnType\":{\"ItemText\":\"Source Column\",\"ItemValue\":\"DataSourceColumn\"},\"RequiredOrder\":false,\"ColumnSetting\":{\"Id\":\"00000000-0000-0000-0000-000000000000\",\"Column\":null,\"Grouped\":false,\"AggregateFunction\":null,\"Sequence\":0,\"IncludeInScripting\":false,\"ColumnName\":\"\",\"ColumnTypeName\":\"\"},\"ColumnSettingColumnName\":\"\",\"ColumnSettingColumnType\":{\"ItemText\":\"Source Column\",\"ItemValue\":\"DataSourceColumn\"},\"Error\":\"\",\"IsRequired\":false,\"AllowEdit\":true,\"AllowCreate\":true,\"Required\":\"N\",\"Options\":[]},{\"Id\":\"00000000-0000-0000-0000-000000000000\",\"TypeString\":\"Edm.String\",\"Number\":32,\"TechnicalName\":\"shortcutDim6Code\",\"TechnicalValue\":\"\",\"Name\":\"shortcutDim6Code\",\"ColumnType\":{\"ItemText\":\"Source Column\",\"ItemValue\":\"DataSourceColumn\"},\"RequiredOrder\":false,\"ColumnSetting\":{\"Id\":\"00000000-0000-0000-0000-000000000000\",\"Column\":null,\"Grouped\":false,\"AggregateFunction\":null,\"Sequence\":0,\"IncludeInScripting\":false,\"ColumnName\":\"\",\"ColumnTypeName\":\"\"},\"ColumnSettingColumnName\":\"\",\"ColumnSettingColumnType\":{\"ItemText\":\"Source Column\",\"ItemValue\":\"DataSourceColumn\"},\"Error\":\"\",\"IsRequired\":false,\"AllowEdit\":true,\"AllowCreate\":true,\"Required\":\"N\",\"Options\":[]},{\"Id\":\"00000000-0000-0000-0000-000000000000\",\"TypeString\":\"Edm.String\",\"Number\":33,\"TechnicalName\":\"shortcutDim7Code\",\"TechnicalValue\":\"\",\"Name\":\"shortcutDim7Code\",\"ColumnType\":{\"ItemText\":\"Source Column\",\"ItemValue\":\"DataSourceColumn\"},\"RequiredOrder\":false,\"ColumnSetting\":{\"Id\":\"00000000-0000-0000-0000-000000000000\",\"Column\":null,\"Grouped\":false,\"AggregateFunction\":null,\"Sequence\":0,\"IncludeInScripting\":false,\"ColumnName\":\"\",\"ColumnTypeName\":\"\"},\"ColumnSettingColumnName\":\"\",\"ColumnSettingColumnType\":{\"ItemText\":\"Source Column\",\"ItemValue\":\"DataSourceColumn\"},\"Error\":\"\",\"IsRequired\":false,\"AllowEdit\":true,\"AllowCreate\":true,\"Required\":\"N\",\"Options\":[]},{\"Id\":\"00000000-0000-0000-0000-000000000000\",\"TypeString\":\"Edm.String\",\"Number\":34,\"TechnicalName\":\"shortcutDim8Code\",\"TechnicalValue\":\"\",\"Name\":\"shortcutDim8Code\",\"ColumnType\":{\"ItemText\":\"Source Column\",\"ItemValue\":\"DataSourceColumn\"},\"RequiredOrder\":false,\"ColumnSetting\":{\"Id\":\"00000000-0000-0000-0000-000000000000\",\"Column\":null,\"Grouped\":false,\"AggregateFunction\":null,\"Sequence\":0,\"IncludeInScripting\":false,\"ColumnName\":\"\",\"ColumnTypeName\":\"\"},\"ColumnSettingColumnName\":\"\",\"ColumnSettingColumnType\":{\"ItemText\":\"Source Column\",\"ItemValue\":\"DataSourceColumn\"},\"Error\":\"\",\"IsRequired\":false,\"AllowEdit\":true,\"AllowCreate\":true,\"Required\":\"N\",\"Options\":[]},{\"Id\":\"00000000-0000-0000-0000-000000000000\",\"TypeString\":\"Edm.String\",\"Number\":27,\"TechnicalName\":\"shortcutDimension1Code\",\"TechnicalValue\":\"\",\"Name\":\"shortcutDimension1Code\",\"ColumnType\":{\"ItemText\":\"Source Column\",\"ItemValue\":\"DataSourceColumn\"},\"RequiredOrder\":false,\"ColumnSetting\":{\"Id\":\"00000000-0000-0000-0000-000000000000\",\"Column\":null,\"Grouped\":false,\"AggregateFunction\":null,\"Sequence\":0,\"IncludeInScripting\":false,\"ColumnName\":\"\",\"ColumnTypeName\":\"\"},\"ColumnSettingColumnName\":\"\",\"ColumnSettingColumnType\":{\"ItemText\":\"Source Column\",\"ItemValue\":\"DataSourceColumn\"},\"Error\":\"\",\"IsRequired\":false,\"AllowEdit\":true,\"AllowCreate\":true,\"Required\":\"N\",\"Options\":[]},{\"Id\":\"00000000-0000-0000-0000-000000000000\",\"TypeString\":\"Edm.String\",\"Number\":28,\"TechnicalName\":\"shortcutDimension2Code\",\"TechnicalValue\":\"\",\"Name\":\"shortcutDimension2Code\",\"ColumnType\":{\"ItemText\":\"Source Column\",\"ItemValue\":\"DataSourceColumn\"},\"RequiredOrder\":false,\"ColumnSetting\":{\"Id\":\"00000000-0000-0000-0000-000000000000\",\"Column\":null,\"Grouped\":false,\"AggregateFunction\":null,\"Sequence\":0,\"IncludeInScripting\":false,\"ColumnName\":\"\",\"ColumnTypeName\":\"\"},\"ColumnSettingColumnName\":\"\",\"ColumnSettingColumnType\":{\"ItemText\":\"Source Column\",\"ItemValue\":\"DataSourceColumn\"},\"Error\":\"\",\"IsRequired\":false,\"AllowEdit\":true,\"AllowCreate\":true,\"Required\":\"N\",\"Options\":[]},{\"Id\":\"00000000-0000-0000-0000-000000000000\",\"TypeString\":\"Edm.Boolean\",\"Number\":18,\"TechnicalName\":\"taxLiable\",\"TechnicalValue\":\"\",\"Name\":\"taxLiable\",\"ColumnType\":{\"ItemText\":\"Source Column\",\"ItemValue\":\"DataSourceColumn\"},\"RequiredOrder\":false,\"ColumnSetting\":{\"Id\":\"00000000-0000-0000-0000-000000000000\",\"Column\":null,\"Grouped\":false,\"AggregateFunction\":null,\"Sequence\":0,\"IncludeInScripting\":false,\"ColumnName\":\"\",\"ColumnTypeName\":\"\"},\"ColumnSettingColumnName\":\"\",\"ColumnSettingColumnType\":{\"ItemText\":\"Source Column\",\"ItemValue\":\"DataSourceColumn\"},\"Error\":\"\",\"IsRequired\":false,\"AllowEdit\":true,\"AllowCreate\":true,\"Required\":\"N\",\"Options\":[]},{\"Id\":\"00000000-0000-0000-0000-000000000000\",\"TypeString\":\"Edm.String\",\"Number\":13,\"TechnicalName\":\"taxRegistrationNumber\",\"TechnicalValue\":\"\",\"Name\":\"taxRegistrationNumber\",\"ColumnType\":{\"ItemText\":\"Source Column\",\"ItemValue\":\"DataSourceColumn\"},\"RequiredOrder\":false,\"ColumnSetting\":{\"Id\":\"00000000-0000-0000-0000-000000000000\",\"Column\":null,\"Grouped\":false,\"AggregateFunction\":null,\"Sequence\":0,\"IncludeInScripting\":false,\"ColumnName\":\"\",\"ColumnTypeName\":\"\"},\"ColumnSettingColumnName\":\"\",\"ColumnSettingColumnType\":{\"ItemText\":\"Source Column\",\"ItemValue\":\"DataSourceColumn\"},\"Error\":\"\",\"IsRequired\":false,\"AllowEdit\":true,\"AllowCreate\":true,\"Required\":\"N\",\"Options\":[]},{\"Id\":\"00000000-0000-0000-0000-000000000000\",\"TypeString\":\"Edm.String\",\"Number\":23,\"TechnicalName\":\"vatBusPostingGroupCode\",\"TechnicalValue\":\"\",\"Name\":\"vatBusPostingGroupCode\",\"ColumnType\":{\"ItemText\":\"Source Column\",\"ItemValue\":\"DataSourceColumn\"},\"RequiredOrder\":false,\"ColumnSetting\":{\"Id\":\"00000000-0000-0000-0000-000000000000\",\"Column\":null,\"Grouped\":false,\"AggregateFunction\":null,\"Sequence\":0,\"IncludeInScripting\":false,\"ColumnName\":\"\",\"ColumnTypeName\":\"\"},\"ColumnSettingColumnName\":\"\",\"ColumnSettingColumnType\":{\"ItemText\":\"Source Column\",\"ItemValue\":\"DataSourceColumn\"},\"Error\":\"\",\"IsRequired\":false,\"AllowEdit\":true,\"AllowCreate\":true,\"Required\":\"N\",\"Options\":[]},{\"Id\":\"10032a83-ee17-44ac-b694-b02200888b4e\",\"TypeString\":\"Edm.String\",\"Number\":22,\"TechnicalName\":\"vendorPostingGroupCode\",\"TechnicalValue\":\"\",\"Name\":\"vendorPostingGroupCode\",\"ColumnType\":{\"ItemText\":\"Local Constant\",\"ItemValue\":\"LocalConstantColumn\"},\"RequiredOrder\":false,\"ColumnSetting\":{\"Id\":\"85f217ed-b064-4728-8926-b02200888b4e\",\"Column\":{\"Id\":\"a01b3440-906d-480f-81a2-b00a00602d2e\",\"Name\":\"LOCAL_VEND_POSTING\",\"TypeDisplayName\":\"Local Constant\",\"MapId\":\"MEMBERS_01_CW_BC\",\"Sequence\":100,\"ErrorInfo\":\"\"},\"Grouped\":false,\"AggregateFunction\":{\"ItemText\":\"First\",\"ItemValue\":\"4\"},\"Sequence\":100,\"IncludeInScripting\":false,\"ColumnName\":\"LOCAL_VEND_POSTING\",\"ColumnTypeName\":\"Local Constant\"},\"ColumnSettingColumnName\":\"LOCAL_VEND_POSTING\",\"ColumnSettingColumnType\":{\"ItemText\":\"Local Constant\",\"ItemValue\":\"LocalConstantColumn\"},\"Error\":\"\",\"IsRequired\":false,\"AllowEdit\":true,\"AllowCreate\":true,\"Required\":\"N\",\"Options\":[]},{\"Id\":\"00000000-0000-0000-0000-000000000000\",\"TypeString\":\"Edm.String\",\"Number\":12,\"TechnicalName\":\"website\",\"TechnicalValue\":\"\",\"Name\":\"website\",\"ColumnType\":{\"ItemText\":\"Source Column\",\"ItemValue\":\"DataSourceColumn\"},\"RequiredOrder\":false,\"ColumnSetting\":{\"Id\":\"00000000-0000-0000-0000-000000000000\",\"Column\":null,\"Grouped\":false,\"AggregateFunction\":null,\"Sequence\":0,\"IncludeInScripting\":false,\"ColumnName\":\"\",\"ColumnTypeName\":\"\"},\"ColumnSettingColumnName\":\"\",\"ColumnSettingColumnType\":{\"ItemText\":\"Source Column\",\"ItemValue\":\"DataSourceColumn\"},\"Error\":\"\",\"IsRequired\":false,\"AllowEdit\":true,\"AllowCreate\":true,\"Required\":\"N\",\"Options\":[]}],\"ParentColumns\":null,\"ModelErrors\":null,\"IsChild\":false,\"IsParent\":false,\"Level\":0,\"LevelDescription\":\"VendorCreate\",\"ParentDescription\":null,\"ParentTechnicalName\":null,\"ParentTechnicalValue\":null,\"SaveSendResult\":false,\"SendResultFields\":[]}],\"AdditionalColumns\":[{\"AdditionalColumnId\":\"a01b3440-906d-480f-81a2-b00a00602d2e\",\"AdditionalColumnName\":\"LOCAL_VEND_POSTING\",\"AdditionalColumnType\":\"Local Constant\",\"AdditionalColumnTypeValue\":\"LocalConstantColumn\",\"AdditionalColumnModel\":\"{\\\"ReturnValue\\\":\\\"MEMBERS\\\"}\",\"Sequence\":100,\"IncludeInScripting\":false},{\"AdditionalColumnId\":\"6ff0dc81-386c-4a61-be0f-b00a00602d33\",\"AdditionalColumnName\":\"LOCAL_GEN_BUS_POSTING\",\"AdditionalColumnType\":\"Local Constant\",\"AdditionalColumnTypeValue\":\"LocalConstantColumn\",\"AdditionalColumnModel\":\"{\\\"ReturnValue\\\":\\\"DOMESTIC\\\"}\",\"Sequence\":99,\"IncludeInScripting\":false},{\"AdditionalColumnId\":\"5ab4a82a-321b-49ef-b45f-b02200887d38\",\"AdditionalColumnName\":\"CALC_FULL_NAME\",\"AdditionalColumnType\":\"Calculation\",\"AdditionalColumnTypeValue\":\"CalculationColumn\",\"AdditionalColumnModel\":\"{\\\"ScriptCode\\\":\\\"//Script to concatenate first and last name\\\\nreturn this._firstName + \\u0027 \\u0027 + this._lastName;\\\"}\",\"Sequence\":101,\"IncludeInScripting\":false}],\"AdditionalColumnsTypeList\":[{\"ItemText\":\"Calculation\",\"ItemValue\":\"CalculationColumn\"},{\"ItemText\":\"Custom Rolling Column\",\"ItemValue\":\"CustomRollingColumn\"},{\"ItemText\":\"Date Calculation\",\"ItemValue\":\"DateColumn\"},{\"ItemText\":\"Global Rolling Column\",\"ItemValue\":\"GlobalRollingColumn\"},{\"ItemText\":\"Local Constant\",\"ItemValue\":\"LocalConstantColumn\"},{\"ItemText\":\"MSSQL Lookup\",\"ItemValue\":\"MssqlLookupColumn\"},{\"ItemText\":\"OData Api Lookup\",\"ItemValue\":\"MsNavOdataApiLookupColumn\"},{\"ItemText\":\"OData Field Lookup\",\"ItemValue\":\"MsNavOdataFieldLookup\"},{\"ItemText\":\"Translation\",\"ItemValue\":\"TranslationColumn\"}],\"AggregateFunctionsList\":[{\"ItemText\":\"Concat\",\"ItemValue\":\"6\"},{\"ItemText\":\"First\",\"ItemValue\":\"4\"},{\"ItemText\":\"Last\",\"ItemValue\":\"5\"},{\"ItemText\":\"Max\",\"ItemValue\":\"3\"},{\"ItemText\":\"Min\",\"ItemValue\":\"2\"},{\"ItemText\":\"Sum\",\"ItemValue\":\"1\"}],\"ColumnTypesList\":[{\"ItemText\":\"Calculation\",\"ItemValue\":\"CalculationColumn\"},{\"ItemText\":\"Custom Rolling Column\",\"ItemValue\":\"CustomRollingColumn\"},{\"ItemText\":\"Date Calculation\",\"ItemValue\":\"DateColumn\"},{\"ItemText\":\"Global Rolling Column\",\"ItemValue\":\"GlobalRollingColumn\"},{\"ItemText\":\"List Option\",\"ItemValue\":\"ListColumn\"},{\"ItemText\":\"Local Constant\",\"ItemValue\":\"LocalConstantColumn\"},{\"ItemText\":\"OData Field Lookup\",\"ItemValue\":\"MsNavOdataFieldLookup\"},{\"ItemText\":\"Parent Source Column\",\"ItemValue\":\"ParentDataSourceColumn\"},{\"ItemText\":\"Source Column\",\"ItemValue\":\"DataSourceColumn\"},{\"ItemText\":\"Translation\",\"ItemValue\":\"TranslationColumn\"}],\"KeyFieldsList\":[{\"ItemText\":\"billableForecast\",\"ItemValue\":\"billableForecast\",\"IsDefault\":false},{\"ItemText\":\"dailyCapacity\",\"ItemValue\":\"dailyCapacity\",\"IsDefault\":false},{\"ItemText\":\"daysTolerance\",\"ItemValue\":\"daysTolerance\",\"IsDefault\":false},{\"ItemText\":\"defaultDepartmentidentifier\",\"ItemValue\":\"defaultDepartmentidentifier\",\"IsDefault\":false},{\"ItemText\":\"firstName\",\"ItemValue\":\"firstName\",\"IsDefault\":false},{\"ItemText\":\"hourlyCost\",\"ItemValue\":\"hourlyCost\",\"IsDefault\":false},{\"ItemText\":\"identifier\",\"ItemValue\":\"identifier\",\"IsDefault\":false},{\"ItemText\":\"lastName\",\"ItemValue\":\"lastName\",\"IsDefault\":false},{\"ItemText\":\"member_id\",\"ItemValue\":\"member_id\",\"IsDefault\":false},{\"ItemText\":\"minimumHours\",\"ItemValue\":\"minimumHours\",\"IsDefault\":false},{\"ItemText\":\"officePhone\",\"ItemValue\":\"officePhone\",\"IsDefault\":false},{\"ItemText\":\"primaryEmail\",\"ItemValue\":\"primaryEmail\",\"IsDefault\":false},{\"ItemText\":\"scheduleCapacity\",\"ItemValue\":\"scheduleCapacity\",\"IsDefault\":false},{\"ItemText\":\"vendor_number\",\"ItemValue\":\"vendor_number\",\"IsDefault\":false},{\"ItemText\":\"workRole_name\",\"ItemValue\":\"workRole_name\",\"IsDefault\":false}],\"Tasks\":[{\"mapTaskId\":\"4a492a13-2400-4900-ab18-b008008b4bb8\",\"mapTaskName\":\"INIT_VARIABLE\",\"mapTaskType\":\"Run Script\",\"mapTaskStage\":1,\"mapTaskStageName\":\"Integration Pre Tasks\",\"mapTaskSequence\":1,\"mapTaskOnFailure\":1,\"mapTaskOnSuccess\":1,\"mapTaskModel\":\"{\\\"TaskType\\\":1,\\\"TaskName\\\":\\\"INIT_VARIABLE\\\",\\\"Sequence\\\":1,\\\"OnFailure\\\":1,\\\"OnSuccess\\\":1,\\\"Success\\\":false,\\\"UsesSourceFields\\\":false,\\\"Code\\\":\\\"//Store current date in a variable\\\\nvar nd = new Date();\\\\nthis.GBL_CW_STAGING_DATE = nd.toISOString();\\\\nreturn true;\\\"}\",\"mapTaskEnabled\":true},{\"mapTaskId\":\"a3bed023-f673-44e3-9830-b00a005e2b2f\",\"mapTaskName\":\"FAILURE_SET_NEXT_RUN_DATE_TIME\",\"mapTaskType\":\"Run Script\",\"mapTaskStage\":6,\"mapTaskStageName\":\"Integration Post Failure Tasks\",\"mapTaskSequence\":100,\"mapTaskOnFailure\":1,\"mapTaskOnSuccess\":1,\"mapTaskModel\":\"{\\\"TaskType\\\":6,\\\"TaskName\\\":\\\"FAILURE_SET_NEXT_RUN_DATE_TIME\\\",\\\"Sequence\\\":100,\\\"OnFailure\\\":1,\\\"OnSuccess\\\":1,\\\"Success\\\":false,\\\"UsesSourceFields\\\":false,\\\"Code\\\":\\\"// store date for next run\\\\nthis.GBL_CW_DATE = this.GBL_CW_DATE\\\\nreturn true;\\\"}\",\"mapTaskEnabled\":true},{\"mapTaskId\":\"72680732-cd9a-44a3-9ca8-b00a005e2c30\",\"mapTaskName\":\"SUCCESS_SET_NEXT_RUN_DATE_TIME\",\"mapTaskType\":\"Run Script\",\"mapTaskStage\":5,\"mapTaskStageName\":\"Integration Post Success Tasks\",\"mapTaskSequence\":2,\"mapTaskOnFailure\":1,\"mapTaskOnSuccess\":1,\"mapTaskModel\":\"{\\\"TaskType\\\":5,\\\"TaskName\\\":\\\"SUCCESS_SET_NEXT_RUN_DATE_TIME\\\",\\\"Sequence\\\":2,\\\"OnFailure\\\":1,\\\"OnSuccess\\\":1,\\\"Success\\\":false,\\\"UsesSourceFields\\\":false,\\\"Code\\\":\\\"// store date for next run\\\\nthis.GBL_CW_DATE = this.GBL_CW_DATE\\\\nreturn true;\\\"}\",\"mapTaskEnabled\":true}],\"MapOptions\":{\"NoDataOption\":\"success\",\"NoDataRunTasksOption\":\"RunAll\",\"BlankLineOption\":\"DoNothing\",\"ErrorProcessingFormat\":\"none\",\"EnableProcessErrors\":true,\"EnableSystemEventErrors\":true,\"ProcessErrorsLimit\":10,\"LogEnabled\":false,\"LogErrors\":false,\"LogXml\":false,\"LogSuccess\":false,\"LogDebugDocDetails\":false,\"LogDebugDocTasks\":false,\"LogDebugMapDetails\":false,\"LogDebugMapTasks\":false,\"ValidateDataTypes\":false,\"LogDebugDocItems\":false,\"LogDebugSchedule\":false,\"Owner\":\"ethan.sorenson@eonesolutions.com\",\"CreatedUser\":\"ethan.sorenson@eonesolutions.com\",\"IntegrationGroupId\":\"85e54141-aa7f-4cbe-8ae6-b00000a9a293\",\"IntegrationGroupName\":\"ConnectWise\",\"AllowAnyRun\":false,\"ScriptLanguage\":\"JavaScript\",\"ReturnSuccessIfNoData\":true,\"ConcatenationSeparator\":\"|\",\"FileOutputLimit\":10},\"Variables\":[{\"Id\":\"e41eeed6-fef1-44db-9f58-b00a005e2da7\",\"GlobalVariable\":{\"Id\":\"51abfe14-7f85-4b8b-b4b1-ac630090e0db\",\"Name\":\"GBL_CW_DATE\",\"Value\":\"2021-06-01T15:25:41Z\",\"IsSecure\":false,\"IsSystem\":false},\"Value\":\"2000-06-01T15:25:41Z\",\"PersistValue\":true,\"SelectAtRuntime\":false,\"RuntimeValueType\":0,\"RuntimePrompt\":null,\"PersistValueOnErrorRun\":false,\"RequireValue\":true},{\"Id\":\"60aed333-5bd3-4ea8-8078-b008008b4d18\",\"GlobalVariable\":{\"Id\":\"b93978c2-9e32-40f5-b8d4-aced0103f4f6\",\"Name\":\"GBL_CW_STAGING_DATE\",\"Value\":\"2005-09-13T15:25:41Z\",\"IsSecure\":false,\"IsSystem\":false},\"Value\":\"2005-09-13T15:25:41Z\",\"PersistValue\":false,\"SelectAtRuntime\":false,\"RuntimeValueType\":0,\"RuntimePrompt\":null,\"PersistValueOnErrorRun\":false,\"RequireValue\":true},{\"Id\":\"0e0c90bf-b42c-45a0-86dc-b03700a0a65b\",\"GlobalVariable\":{\"Id\":\"e2753bc1-cb82-4cab-826a-afe5012deab0\",\"Name\":\"GBL_CW_UNPOSTED_IDS\",\"Value\":\"\",\"IsSecure\":false,\"IsSystem\":false},\"Value\":\"\",\"PersistValue\":false,\"SelectAtRuntime\":false,\"RuntimeValueType\":0,\"RuntimePrompt\":null,\"PersistValueOnErrorRun\":false,\"RequireValue\":true}],\"LoadErrors\":\"\",\"Notes\":[],\"Tenants\":[{\"Name\":\"CRONUS USA, Inc.\",\"ServerName\":\"NAV OData\",\"TechnicalName\":\"CRONUS USA, Inc.\",\"IsUserAdded\":false,\"Selected\":true,\"ConnectionInstanceId\":\"01bd75e4-d577-4978-b4c7-b00700ef9ac3\",\"ConnectionInstanceName\":\"Ethan US Sandbox\"},{\"Name\":\"My Company\",\"ServerName\":\"NAV OData\",\"TechnicalName\":\"My Company\",\"IsUserAdded\":false,\"Selected\":false,\"ConnectionInstanceId\":\"01bd75e4-d577-4978-b4c7-b00700ef9ac3\",\"ConnectionInstanceName\":\"Ethan US Sandbox\"}],\"TenantScript\":\"return \\u0027\\u0027;\"}","SourceType":"eOne.SmartConnect.Connectors.GenericRest.GenericRestDataSource","SourceTypeName":"Generic REST Data Source","TargetType":"eOne.SmartConnect.Connectors.NAV.Odata.MsNavOdataDestination","TargetTypeName":"Dynamics 365 Business Central OData","DataSource":"{\"entityId\":\"1f1eb08c-f0b5-4845-a164-afe501252068\",\"EntityName\":\"01 Incremental Members\",\"GroupName\":\"Expense\",\"providerData\":\"ConnectWise 1.0.0.1\",\"fields\":[{\"name\":\"billableForecast\",\"type\":\"Float\",\"path\":\"billableForecast\",\"selected\":true,\"isCalc\":false,\"enumItems\":[]},{\"name\":\"dailyCapacity\",\"type\":\"Float\",\"path\":\"dailyCapacity\",\"selected\":true,\"isCalc\":false,\"enumItems\":[]},{\"name\":\"daysTolerance\",\"type\":\"Integer\",\"path\":\"daysTolerance\",\"selected\":true,\"isCalc\":false,\"enumItems\":[]},{\"name\":\"defaultDepartment identifier\",\"type\":\"String\",\"path\":\"defaultDepartment.identifier\",\"selected\":true,\"isCalc\":false,\"enumItems\":[]},{\"name\":\"firstName\",\"type\":\"String\",\"path\":\"firstName\",\"selected\":true,\"isCalc\":false,\"enumItems\":[]},{\"name\":\"hourlyCost\",\"type\":\"Float\",\"path\":\"hourlyCost\",\"selected\":true,\"isCalc\":false,\"enumItems\":[]},{\"name\":\"identifier\",\"type\":\"String\",\"path\":\"identifier\",\"selected\":true,\"isCalc\":false,\"enumItems\":[]},{\"name\":\"lastName\",\"type\":\"String\",\"path\":\"lastName\",\"selected\":true,\"isCalc\":false,\"enumItems\":[]},{\"name\":\"member_id\",\"type\":\"Integer\",\"path\":\"id\",\"selected\":true,\"isCalc\":false,\"enumItems\":[]},{\"name\":\"minimumHours\",\"type\":\"Float\",\"path\":\"minimumHours\",\"selected\":true,\"isCalc\":false,\"enumItems\":[]},{\"name\":\"officePhone\",\"type\":\"String\",\"path\":\"officePhone\",\"selected\":true,\"isCalc\":false,\"enumItems\":[]},{\"name\":\"primaryEmail\",\"type\":\"String\",\"path\":\"primaryEmail\",\"selected\":true,\"isCalc\":false,\"enumItems\":[]},{\"name\":\"scheduleCapacity\",\"type\":\"Float\",\"path\":\"scheduleCapacity\",\"selected\":true,\"isCalc\":false,\"enumItems\":[]},{\"name\":\"vendor_number\",\"type\":\"String\",\"path\":\"\",\"selected\":true,\"isCalc\":true,\"enumItems\":[]},{\"name\":\"workRole_name\",\"type\":\"String\",\"path\":\"workRole.name\",\"selected\":true,\"isCalc\":false,\"enumItems\":[]}],\"SourceType\":\"eOne.SmartConnect.Connectors.GenericRest.GenericRestDataSource\",\"SourceName\":\"01 Incremental Members\",\"usedPlaceholders\":null,\"headers\":null,\"parameters\":null,\"body\":null,\"FriendlyName\":null,\"Name\":\"ConnectWise 1.0.0.1 Data Source\",\"ViewName\":null,\"LargeImage\":\"___5f365292-c701-4aa6-aa01-afe500eae5eb\",\"TypeName\":null,\"QueryText\":null,\"TrimStrings\":false,\"RegisteredConnectorId\":\"00000000-0000-0000-0000-000000000000\",\"ProviderName\":\"5aacf544-4e72-421c-a2e3-afe300a55e11\",\"ImageUrl\":\"https://app.smartconnect.com/files/getImage?id=5f365292-c701-4aa6-aa01-afe500eae5eb\",\"Id\":\"e0fe50f3-e1b7-48d3-a7c0-afe5012f679c\",\"ConnectionId\":\"f04d9445-eab6-43ed-962a-afe400e1ebe8\",\"Description\":\"01 Incremental Members\",\"FromQueryBuilder\":false,\"FreeTextDatabaseName\":false}","DataSourceConnection":"","Destination":"{\"Services\":[{\"ItemText\":\"VendorCreate\",\"ItemValue\":\"VendorCreate\"}],\"IncludeLinks\":false,\"ToFile\":false,\"Company\":\"CRONUS USA, Inc.\",\"RemoveBlankProperties\":false,\"IgnoreUpdateConflicts\":false,\"DisableParallelSend\":true,\"CurrentInstance\":{\"ServiceUrl\":\"https://api.businesscentral.dynamics.com/v2.0/ee065533-ca31-465c-9697-723086c8e4c7/US/ODataV4\",\"UserName\":\"\",\"Password\":\"\",\"DefaultCompany\":\"CRONUS USA, Inc.\",\"AllowLongTimeout\":false,\"TimeoutMinutes\":5,\"RetryFailedRequests\":true,\"RetryCount\":10,\"Username\":\"ethan.sorenson@eones.onmicrosoft.com\",\"Companies\":[],\"InstanceType\":\"Dynamics 365 Business Central Odata\",\"Id\":\"01bd75e4-d577-4978-b4c7-b00700ef9ac3\",\"InstanceName\":\"\",\"Description\":\"Ethan US Sandbox\",\"IsDefault\":false,\"IsLocal\":false,\"LocalServerName\":\"00000000-0000-0000-0000-000000000000\",\"ImageUrl\":\"../../content/eone/connectors/dynamics_business_central_100.png\",\"SourceUrl\":\"../../msnav/source\",\"TargetUrl\":\"../../msnav/target\",\"CustomError\":\"\",\"ConnectionLinks\":null},\"DestinationType\":\"MsNavOdataDestination\",\"DestinationTypeFriendlyName\":\"Dynamics 365 Business Central OData\",\"Id\":\"b77a5af9-1548-48c7-85a0-b03700a08c80\",\"Args\":null,\"ImplementsClearFields\":false,\"OrganisationType\":null}","DestinationConnection":"","RequiresFile":false,"RequiredFileHolderId":"00000000-0000-0000-0000-000000000000","RequiredFiles":null,"Metadata":[],"Notes":""}